Periode,Conso_TTC,Djiguiya_TTC,Sewa_OMY_TTC,Data_IM_OMY_TTC,Remb_Djiguiya_TTC,Netaa_Voix_OMY_TTC,Netaa_IM_OMY_TTC,Forfaits_Voix_Inter_OMY_TTC,Data_Fixe_OMY_TTC,Topup_SVA_TTC
2025-04-01,1042422329.7,14066770.62,55945994.1,366951596.34,12079973.74,62815796.93,4592190.06,711115.21,42416231.13,92276.79
2025-04-02,990675056.85,12833698.52,55643653.78,379678009.47,11304784.58,64508921.55,4228439.4,621084.88,45288612.69,73715.13
2025-04-03,1064317769.06,12546579.95,56223715.06,353973019.56,11022849.91,65444114.72,4132839.47,781947.3,41165775.08,92728.47
2025-04-04,1035217603.47,12738789.04,51871942.62,349144672.28,11352963.88,55952747.32,4246728.31,787303.84,41008308.97,77433.85
2025-04-05,872171932.08,12847624.51,52136879.67,345646575.81,11384105.74,56550476.88,4184927.55,772615.34,40018841.04,70779.68
2025-04-06,916154003.52,12506606.15,52491085.54,348631721.37,11021669.48,60164514.61,3732049.8,720070.75,43885088.32,78259.5
2025-04-07,1028575128.51,13902486.04,56761548.75,354724400.82,10734033.46,60661844.3,4332794.27,732720.06,45555456.48,85745.96
2025-04-08,1045724081.69,14133202.91,59108763.17,368493083.44,11115157.05,59371016.11,4557522.77,839586.3,46167053.78,82445.44
2025-04-09,1070237880.97,14237537.74,51311867.07,370061023.52,11165052.96,64708070.21,4531330.44,868073.47,42806285.75,92283.57
2025-04-10,996222567.35,13640785.69,47770774.36,331182572.34,10647963.59,63368828.56,4242092.39,810696.19,43902515.37,79995.1
2025-04-11,1035801032.16,14128152.71,55810305.59,345805382.36,11197625.35,58978834.02,4114527.36,655315.41,40935483.27,86018.53
2025-04-12,996704804.84,12111642.82,54534424.28,301160805.91,11374475.74,57403888.57,4068058.64,696319.91,42904819.1,81781.3
2025-04-13,965931684.06,11049850.18,47956556.47,311312223.17,10799163.76,56242222.72,4148563.72,711860.55,43691493.35,78113.28
2025-04-14,1050629304.06,13703450.6,46884291.82,356735944.25,9901860.2,63213249.42,4417130.06,607563.86,44875960.68,77606.07
2025-04-15,1049408001.0,12780239.71,54734306.15,359806943.99,11400234.56,57956068.86,4679738.43,759958.52,42287844.84,84977.75
2025-04-16,982749213.76,13168458.8,57529993.67,371497945.01,11432250.21,58989146.71,4323140.74,866852.33,37980481.92,88438.53
2025-04-17,1011155808.26,13493105.51,58363877.23,329785667.97,12312150.98,58792791.59,4138613.2,745484.96,38791443.48,97759.66
2025-04-18,898889319.83,11078021.79,51650007.62,299613372.51,9825556.73,58334361.09,4152638.47,753890.44,43340054.88,84314.45
2025-04-19,952744188.41,10912521.25,47346686.8,303628996.08,10044012.5,49970460.99,4054746.45,661437.89,38329179.86,81774.08
2025-04-20,915414443.2,10768242.91,46085130.75,310599717.56,11179353.99,50754852.64,3830559.53,651664.2,37853918.94,98052.22
2025-04-21,943344974.53,11662488.46,50556733.01,321886784.67,10927804.3,50610033.06,4274142.68,700848.46,44157787.41,81736.53
2025-04-22,954427180.33,12879935.26,51486673.65,351576285.68,11402925.04,58573054.72,4483462.18,659700.04,45024452.52,84567.63
2025-04-23,1058730577.86,13059843.91,49717042.74,329905322.55,11263302.35,55748212.31,4607433.08,657724.06,42812624.48,87182.37
2025-04-24,966719063.14,12598271.84,58049305.49,333837082.56,11115824.07,56550841.77,4620848.29,766387.13,41140894.56,71505.99
2025-04-25,916574988.4,11102960.01,55022224.84,299806754.24,10922002.18,57266583.53,3805471.76,742474.96,39876333.8,73065.87
2025-04-26,899699152.43,10332160.52,51907089.22,315333294.6,9863592.53,52463175.75,3928231.99,602292.48,39695392.31,70976.95
2025-04-27,956296343.98,11913717.7,46695861.64,313718446.59,10914690.4,55767351.82,3994861.08,716885.37,43115419.55,80965.67
2025-04-28,994923912.56,12168657.55,54504253.0,316678656.71,10214225.43,56961146.84,4162805.1,693052.43,42758987.37,78371.64
2025-04-29,1045110248.4,13360954.6,56418758.83,340743373.45,11682346.48,62639426.89,4217523.81,751296.66,45477886.83,84745.52
2025-04-30,1065134450.22,13766193.87,56794612.62,347871314.81,11808080.01,63175277.37,4070300.26,772187.71,47298537.43,94372.26
2025-05-01,1134461701.81,13160893.82,58450404.19,340401479.88,11147650.61,58549151.3,4416125.79,790176.0,41348609.76,90871.9
2025-05-02,969333950.49,13100069.2,54502357.71,362687483.54,11093363.4,58064899.4,4044966.86,711419.78,44005056.36,79464.39
2025-05-03,944584149.19,12506669.73,53722136.23,324828140.03,10542466.92,60367571.79,4176062.9,770553.73,40934354.87,73833.69
2025-05-04,945576435.0,12905692.45,54300191.11,327865878.49,10470929.74,59483719.75,4023094.38,721486.53,36929098.31,89598.74
2025-05-05,1062944761.91,12689449.99,55834759.15,310820360.88,11369882.84,56766551.71,4127778.1,773340.92,39491076.69,90692.88
2025-05-06,1136260029.18,13595508.57,50962411.73,345981024.4,11406071.95,65741478.71,4674286.41,717035.61,43748367.21,73696.85
2025-05-07,1081694813.16,14012710.6,58014553.03,361512696.33,12408127.95,60893840.92,4704617.71,911260.1,47862370.5,86026.54
2025-05-08,1015808445.11,14079769.57,54385949.19,344812709.49,11217494.25,67187645.19,4702311.66,785861.34,45702209.2,87992.0
2025-05-09,972315155.91,12680564.92,49678386.43,365081800.04,11788216.35,63092718.5,4916250.96,765690.45,43862994.3,89232.99
2025-05-10,1015317424.54,12869311.53,57441794.8,328390623.32,10385356.58,59040609.22,4284386.06,612014.18,46253619.45,87577.39
2025-05-11,1025833160.05,12448082.37,57926032.03,354512565.7,10787531.13,58997373.13,4362271.62,659985.14,39699217.39,83033.21
2025-05-12,1051402257.33,12979434.91,58743110.93,345746246.38,11130610.56,59947451.7,4103244.82,803551.21,43808549.24,88449.77
2025-05-13,1021450322.63,14036140.34,56923507.12,356459360.09,12645708.31,64655574.59,4178674.28,772042.91,45972556.74,86807.04
2025-05-14,1070888048.05,12156978.21,60722524.42,354884612.13,12078471.37,61490325.67,4967720.24,640375.44,43698378.22,80593.13
2025-05-15,1029258189.48,12206056.11,54336182.9,344641986.46,11364288.53,61275273.1,4142523.78,791632.57,43917315.04,81351.28
2025-05-16,982788612.57,11481028.67,52211591.16,355492729.21,11184085.36,60044295.08,3905425.11,664190.83,38330930.84,79510.6
2025-05-17,979030814.25,10570019.33,46513650.45,279269731.72,9420832.53,53963734.74,4011228.18,745769.08,43040980.92,76318.42
2025-05-18,951681162.16,11597467.73,51128582.57,285204369.18,10541248.74,53985123.88,4011711.8,667532.73,38960735.18,62342.59
2025-05-19,1006742125.03,12884889.93,51852351.9,318970451.58,12020727.14,54185169.05,3946988.15,706882.31,45968024.15,76325.47
2025-05-20,1010521810.21,12662923.44,49262214.66,339378185.07,11379199.58,56432595.97,4237243.49,787218.99,43092151.18,82675.87
2025-05-21,1028039064.23,13053717.55,53606512.33,353018094.57,11413405.37,54493112.96,4663455.96,671877.67,45663448.79,80398.02
2025-05-22,1017066535.17,13260729.67,52065222.7,339855434.41,11370037.53,60481235.12,4021139.06,648310.21,42142202.21,78498.8
2025-05-23,875719005.28,12847425.39,55523660.56,311947348.65,11076689.73,60957113.66,3709514.5,664062.72,40417879.91,80867.62
2025-05-24,905815382.84,11700848.68,51465018.27,325767803.29,9300527.36,58362885.88,4168241.91,701031.15,38299196.62,67037.36
2025-05-25,911656691.83,12714290.24,49572722.47,330573883.61,9597857.36,50762266.02,4119389.72,595865.69,40250348.81,63805.53
2025-05-26,945807867.21,12519363.28,52615605.06,332023438.73,11081832.45,59919172.76,4031323.52,604744.06,42537948.38,76979.66
2025-05-27,1008147484.32,12492478.27,54383605.97,360781612.42,11063670.25,64799891.66,3965021.63,778265.3,42091126.89,89821.93
2025-05-28,1117591970.2,12869391.53,54504750.58,354932112.79,12437650.27,60137363.15,4257457.0,706931.3,44287013.09,99212.07
2025-05-29,977496208.63,12067514.16,50693188.2,334392455.99,11287653.26,60776365.76,4364463.59,706906.1,42452599.46,89929.85
2025-05-30,1034808144.81,12030511.64,51897964.41,343961210.5,10007207.89,52551002.69,4525950.83,600289.59,47164865.52,68742.99
2025-05-31,886714710.19,12128183.39,49073107.88,327823177.67,10178339.11,58064703.39,3891278.12,653993.46,41307301.78,77198.65
2025-06-01,962098256.43,12982103.2,48024521.36,329510980.22,9472983.99,54830625.21,4172229.16,698492.75,45174913.59,81925.99
2025-06-02,1035174234.41,14224033.73,56155450.48,371230176.45,11390591.18,61377481.31,4578914.56,788031.9,43576067.7,85310.51
2025-06-03,1106594437.73,12765109.75,58384383.63,317654656.99,11953589.36,58660576.5,3949195.83,720536.91,46672300.65,92494.88
2025-06-04,1131028815.46,14204607.31,51740199.97,341708318.39,11999085.56,66394275.56,4971147.94,883573.27,43715577.68,80982.04
2025-06-05,1112041922.65,12933217.01,56337207.67,338798163.7,12653505.99,66546406.7,4258831.31,722168.84,44815862.24,87882.42
2025-06-06,1010128912.85,13424171.54,57808741.51,339893852.84,12230894.43,58461440.69,4493712.4,694195.64,44523273.55,87450.27
2025-06-07,978626534.92,12694124.54,56534203.21,333041475.75,11148733.1,55918970.45,4356912.06,803566.85,46338307.4,88530.6
2025-06-08,1055875241.94,11731611.13,57028014.35,315230355.64,10151203.23,53460623.24,4621403.85,735407.12,43871996.32,75989.25
2025-06-09,1042311404.72,14046219.05,55970821.22,336916433.23,12176980.81,61453914.33,4659276.23,718501.82,48222318.93,82943.19
2025-06-10,1020906225.34,13488189.21,54927450.88,351391007.56,12579739.44,62660728.62,4006800.08,769233.7,48231213.95,64948.56
2025-06-11,1033795158.32,13605081.19,54368449.04,414367857.99,12491131.44,59829110.7,4475533.68,867513.7,50788549.53,83901.03
2025-06-12,1012885335.58,12817687.46,57499588.7,389716241.49,12501789.15,64258233.28,4587848.95,847304.94,45366855.18,82123.87
2025-06-13,1035005373.92,12459989.01,54806054.46,333067619.46,10675423.08,58424934.65,4277513.94,674221.98,48454099.4,74035.37
2025-06-14,981702242.26,12699173.86,55716995.96,322268691.58,12040100.3,54586962.51,4297260.26,693894.05,40761575.78,80890.12
2025-06-15,1010733977.29,12343865.07,55262452.91,310087132.42,10440295.55,56219321.82,4385470.64,702893.09,40266936.08,79309.2
2025-06-16,987229956.89,13078540.07,53102441.27,307282514.32,11747216.73,62901337.02,4481176.28,663705.86,40617698.2,63744.91
2025-06-17,1048555986.19,13509375.07,51079277.37,348261085.7,10691789.88,63425457.29,4401148.86,739767.92,49781092.33,86753.39
2025-06-18,1075364438.57,14178617.85,54270114.48,333610601.1,11159906.51,61312425.52,3973851.25,745137.01,46520213.39,77220.16
2025-06-19,994251172.27,12660238.36,54283421.42,338615954.75,12194712.58,61618016.08,4209739.44,787134.54,42557152.93,86442.41
2025-06-20,984532528.3,11370812.38,50454761.42,298190445.96,10663182.85,53660496.86,4228266.8,753946.83,43828344.95,68503.23
2025-06-21,902201806.0,12536655.46,47793837.13,302230878.97,10913226.88,55312683.16,3737291.65,648935.02,41364305.16,76398.63
2025-06-22,924215210.39,11807408.83,50704502.12,319324680.11,10690818.25,56120097.25,4186952.6,660850.58,44307360.28,74665.16
2025-06-23,961360420.65,13197520.52,50431091.91,336065382.45,10943019.47,56641337.81,4429217.24,737250.66,38752194.46,82430.44
2025-06-24,959682468.71,13268862.45,52119303.26,350883904.68,12238262.14,61724831.9,4407782.58,694948.69,43164432.55,84362.52
2025-06-25,1059520225.63,13106550.6,55908722.33,325300578.0,11472510.0,58827036.98,3617987.08,773602.64,43303519.77,82281.06
2025-06-26,989489820.91,13149765.97,52468624.22,355784735.49,10360797.5,61497799.92,4009578.84,718675.41,39140468.88,70008.6
2025-06-27,977533293.5,13676306.84,52595945.23,315801831.89,10525067.34,59413257.61,4660640.14,643686.27,44087824.53,67968.26
2025-06-28,980426026.01,13480085.84,51634223.54,332595445.29,11042633.7,48398403.95,3968642.84,631518.14,40477214.36,73592.68
2025-06-29,997193103.93,12484683.74,48218349.66,328281500.56,11165052.96,61164406.71,3682686.85,777381.5,43349477.94,79559.82
2025-06-30,1058171044.5,13167124.48,52770961.44,321117638.55,10594333.27,51374149.51,4714290.05,722346.22,49068519.51,78515.05
2025-07-01,1068210710.48,14429386.83,61874898.12,355768636.18,11613058.41,61576502.98,4604387.72,867407.22,45194425.85,93111.28
2025-07-02,1069415922.57,13346218.45,53929431.68,374616721.29,11906509.46,67975472.38,4992732.39,748318.57,45837133.52,86696.61
2025-07-03,1068179899.22,13907075.89,49678765.55,372200765.25,11817784.11,62464865.26,4672612.04,783884.97,46235044.46,79098.89
2025-07-04,946434474.29,13167124.8,48719259.31,345608560.98,10803900.47,56689901.92,4551764.19,879637.42,46485518.87,82032.17
2025-07-05,937233125.59,13089213.19,53703335.13,366272146.6,10984211.03,56525411.09,4424324.39,660622.38,42073205.04,84339.27
2025-07-06,956683982.36,12522300.53,54458609.54,362340482.36,11079854.01,63742880.48,4574172.23,620642.83,42519257.7,86344.27
2025-07-07,1015132816.46,12544526.37,56290884.76,355152567.29,12454936.14,57157147.0,5204568.3,841695.78,48209203.44,103599.45
2025-07-08,1132902611.07,12698697.38,63228670.28,388039317.05,12971421.4,69446105.36,5037475.7,740881.5,48502666.42,84604.51
2025-07-09,1068987940.82,13483732.72,49883764.01,413490611.64,12476213.9,66084220.91,4343622.03,798446.81,43080351.28,90730.86
2025-07-10,1067175057.51,13556074.01,59088059.83,402184914.1,11970023.94,60538464.03,4786685.92,740539.99,43761287.41,92579.06
2025-07-11,1104465694.03,13034326.45,60185017.98,327783263.31,11722299.3,59589513.09,4749102.74,756673.84,47783174.63,84462.48
2025-07-12,984944794.9,14029866.83,49609653.27,322036652.73,10796439.5,56331255.79,4607882.97,661822.56,43841179.64,77763.72
2025-07-13,1043405113.82,13545217.11,52178563.33,364013773.22,10647488.53,62135821.42,4202312.75,708436.62,41483457.66,69420.07
2025-07-14,991007581.95,12621525.85,52667220.66,331524731.89,11119701.91,63776511.42,4766545.3,769244.15,44171854.9,80524.98
2025-07-15,1060761903.25,13908216.79,53817822.08,337037062.17,11648239.96,57978909.98,4848988.49,703797.79,45963443.07,78097.53
2025-07-16,1022262691.74,13410691.61,55832793.21,352612641.65,11345808.72,62236680.7,5309567.49,723667.21,47688169.05,72484.58
2025-07-17,1020076086.9,13047353.42,59775668.43,356759969.2,11741651.79,58762363.52,4247019.24,720592.04,41451216.08,77967.46
2025-07-18,1028211919.26,12702763.01,58130476.61,330572810.47,11479909.2,62176700.41,4100195.75,624258.6,40511255.52,72116.82
2025-07-19,871436416.45,12542629.86,49590388.49,310734625.19,9856490.56,52639518.97,4012691.42,658264.25,41435611.58,82407.82
2025-07-20,979900042.92,12025501.99,56706153.09,312064558.9,10778574.04,61314060.19,3989393.88,691559.05,40897737.68,82997.29
2025-07-21,1006867281.34,13366941.06,52910714.52,323130373.63,11045989.27,58792054.33,4036727.66,688024.36,43863882.38,73885.71
2025-07-22,1001882622.43,12418386.26,60553708.52,332407690.61,11787832.14,57560213.4,3691714.58,721528.84,41532020.3,82096.92
2025-07-23,967258627.34,13303256.85,55014314.02,391148160.77,11695585.45,59617906.73,4351931.3,743560.6,45482690.85,69297.64
2025-07-24,1021742440.61,14672214.04,54444868.19,347919390.6,10596787.65,57838165.61,4459854.65,689045.24,46012982.72,78999.47
2025-07-25,952833899.01,12623249.45,53072273.72,344190479.84,10292497.11,54234111.22,4070492.18,737754.15,42967260.84,83085.39
2025-07-26,968112619.23,13081085.9,60463537.73,314367917.7,10757407.25,56906088.66,4577599.23,762082.44,41298670.98,84565.24
2025-07-27,974406936.48,12471906.67,54284765.86,324711065.96,11487269.84,54069273.49,4174819.76,669416.66,41514731.59,73790.98
2025-07-28,1102700847.57,13400280.77,51873233.91,331518876.66,10190805.53,53835516.55,4714365.62,757545.5,41927947.53,92107.98
2025-07-29,1057121895.34,13608276.15,60072306.74,312513328.89,12216977.64,62120085.96,4657322.49,749583.37,45688923.52,74102.75
2025-07-30,1033685915.19,13777491.49,56551916.26,341575251.42,12955740.65,58664796.91,4900529.64,800922.72,49630984.78,77838.08
2025-07-31,1080264508.7,13124221.5,55141527.53,327891627.28,11925743.06,60982950.61,4665453.29,860558.28,45612655.05,93603.96
2025-08-01,1036964856.58,13364160.05,57390952.0,306531047.98,11829480.51,57944365.68,4756794.97,762443.13,42002129.96,97721.35
2025-08-02,1074004252.15,12281152.5,53461088.65,318400823.7,10891209.77,56925984.54,4324438.15,616417.15,42038937.58,86145.53
2025-08-03,1066328730.04,13490465.42,55220659.78,367511800.35,11420684.18,66640599.82,4517389.83,757689.0,44308612.63,83221.13
2025-08-04,1091333874.83,14418167.42,56940089.19,360245427.58,11059541.96,63635837.02,4696152.67,841394.5,45093336.84,68312.98
2025-08-05,1201902983.53,14547014.36,60626613.21,401465180.56,11097453.75,67096600.46,4716809.05,785790.4,49163010.78,72935.08
2025-08-06,1067176969.18,14265017.22,61739221.95,389915829.32,13335820.34,61186445.3,4980799.09,874992.55,49897621.45,93820.37
2025-08-07,1072287843.69,14449802.59,51946090.0,387603186.24,11821252.96,63415348.68,5383824.75,747546.22,49583932.85,87188.39
2025-08-08,1012014814.05,13326531.36,58559377.72,341239298.46,11639886.9,63480504.62,4474120.95,667903.0,48716160.15,77047.28
2025-08-09,1010505877.4,13760217.24,51462432.18,356127794.66,10765966.86,57869738.83,4527987.77,744451.18,46367522.84,84681.34
2025-08-10,966669885.06,12028915.73,50317493.65,362310946.31,10830984.49,64229854.97,4784884.07,637323.46,42412960.16,85720.89
2025-08-11,1109896613.02,13490851.14,56879714.17,351792791.95,11969613.92,59837349.12,4925702.1,753642.54,44020106.05,96108.41
2025-08-12,1099210666.37,12766784.3,59278003.68,384773113.06,12021573.18,64844337.22,4767183.37,875709.79,47457863.24,91979.23
2025-08-13,1032515023.12,13152595.29,56674699.68,385905988.87,12745809.03,64025893.2,4093287.1,674430.94,46685683.72,102153.07
2025-08-14,1023008166.48,14684036.39,60037305.1,352938637.96,12370736.97,64308334.07,4762056.41,691012.7,43559729.94,88048.65
2025-08-15,1039984870.5,13644955.52,49955873.06,325437904.15,11677515.13,58659484.75,3803906.95,670996.69,42913750.03,82622.4
2025-08-16,1029197434.48,12146263.49,51134224.98,312933624.24,11219851.71,57669920.89,4606811.61,701998.91,41329972.31,89219.21
2025-08-17,1089155979.92,11682312.81,50701978.6,334906974.35,11992371.44,57916971.32,4287251.31,686654.09,41015262.13,72930.21
2025-08-18,1172579626.23,11119419.85,54154637.12,350271985.49,10874679.49,58348376.26,4649380.65,812875.07,43170318.98,107062.61
2025-08-19,1079108188.98,13118280.82,57035054.72,341889914.4,11833963.78,64086719.86,4285626.9,812798.29,47978379.09,89540.8
2025-08-20,1009566065.27,15186918.42,52949070.14,358126819.11,12596893.67,63609197.88,4127912.93,788713.78,45972728.22,90005.29
2025-08-21,921589006.04,13443692.99,57114222.68,357269515.09,12310765.66,60780725.13,4490117.69,745409.45,49673380.58,88630.34
2025-08-22,999626944.3,12229902.48,52538673.58,342429883.02,10285000.9,57123632.04,4219004.03,726753.13,42635689.99,95639.85
2025-08-23,920589338.47,12524342.06,45137273.01,348201436.89,10602734.87,59054176.79,3991256.7,638158.4,40529003.13,84542.25
2025-08-24,951364691.43,11424932.9,45493120.99,348040065.77,11645577.49,56821380.51,4184899.93,741547.69,41646098.41,66579.89
2025-08-25,984046197.05,12755392.05,53823356.49,324710692.33,11683588.11,59156860.7,5072868.4,660575.35,44062800.45,94496.47
2025-08-26,1053194027.07,13596124.82,55533788.13,387226805.82,12021607.99,63102379.78,4773297.84,808246.22,46446147.02,83632.9
2025-08-27,1135323658.23,13689206.05,56838419.92,353321486.58,11966902.28,69204024.2,4910347.18,842967.87,50991244.22,88932.57
2025-08-28,1066661245.3,14033139.42,56063094.7,375002137.86,11651478.65,58439277.88,4765463.53,768717.23,43440786.46,75343.73
2025-08-29,1013967020.9,13261307.28,54966450.13,345337664.04,11637583.63,62818520.25,4769147.23,719761.16,45684611.67,87824.95
2025-08-30,950693853.53,13215757.19,56224695.78,330656799.42,11111797.3,53721375.54,4247904.43,739085.87,43415419.13,76514.63
2025-08-31,936135490.32,12583169.04,50597775.83,312941212.76,11443483.55,61123991.94,3838826.86,562714.08,40346874.21,84238.34
2025-09-01,1037878276.98,14177243.55,52474525.75,355126668.45,11986902.8,67914321.12,4507316.51,778189.75,47345782.27,84369.21
2025-09-02,1111565433.57,15374237.85,55260503.97,346049152.75,12086249.72,67575635.38,5009341.94,788896.73,50794496.89,108499.38
2025-09-03,1233654817.7,13756116.4,61185396.44,400135317.97,13061021.07,67654673.66,4575030.02,806335.75,46494945.25,110868.76
2025-09-04,1118683035.25,13547349.79,63379760.13,402645410.9,14293201.28,63936004.34,4712923.5,838760.76,47612010.99,91152.09
2025-09-05,1122387299.65,14557040.99,55296814.7,345891200.62,10941260.49,63414142.88,4394637.73,759586.04,41894087.56,87890.94
2025-09-06,1018073596.01,13190699.37,47087209.14,356906893.83,11909812.88,61017235.87,4878171.81,677783.89,41932362.86,82052.87
2025-09-07,994370139.92,14428387.89,50351252.22,343017267.45,11413266.02,60098382.94,4733675.84,746455.09,47673519.37,95828.43
2025-09-08,1047398332.29,13726447.21,55475428.5,358932776.44,12709217.87,64187866.96,4900823.42,790322.63,46064546.38,86882.15
2025-09-09,1100725435.84,15627988.68,58575381.7,399491959.45,12849792.72,68266586.97,5077450.0,823316.15,46235163.9,89307.62
2025-09-10,1271842484.94,14758482.79,59499731.6,386333306.55,13394136.01,65422328.02,4915451.8,831712.9,49829836.11,103020.23
2025-09-11,1069257537.72,14406236.07,59302984.92,408136551.27,13251515.09,63332429.62,4835439.05,862691.44,46539691.25,86124.8
2025-09-12,1106259193.05,14602203.09,55283764.78,348906185.15,12032217.33,58564281.22,4226760.68,692499.02,44432203.31,86345.91
2025-09-13,979255415.1,12844448.05,57843360.64,362595668.02,12162909.17,61881917.66,3818641.95,742836.26,45577135.99,70480.27
2025-09-14,1076230424.56,12499270.4,52351365.32,347961687.79,10189549.9,62519902.93,4446823.27,810321.57,41511416.46,89856.84
2025-09-15,1082267624.22,13239987.93,53426916.89,371781720.31,12866290.29,63570911.86,4639162.95,653200.71,43446977.26,103503.43
2025-09-16,1086094324.9,14278385.38,59753317.82,360371178.18,12517506.87,67912951.19,5031823.78,793142.8,47275755.68,95805.54
2025-09-17,1094249142.11,12890847.36,52820088.03,368309259.35,12970748.89,65179049.86,5142259.64,746525.19,49269901.15,102593.29
2025-09-18,1026094627.95,13962215.12,57604808.88,355153809.42,11180957.19,64014135.81,4974664.52,735260.49,48278528.3,79270.92
2025-09-19,1032297602.23,12532832.11,53909636.19,325812513.7,10863413.46,60670150.7,4068467.74,669059.8,41837047.99,84378.73
2025-09-20,955096173.4,13181367.09,51399539.03,339995366.45,11050073.64,57577214.11,4100026.59,688623.61,43848682.65,72257.29
2025-09-21,923910150.59,11051011.2,57200891.19,342197602.42,11037997.2,56703953.9,4339667.33,806571.61,40527218.15,78514.81
2025-09-22,957523991.69,12533862.06,52249191.33,354662406.99,11643840.4,67239990.68,5049743.84,656724.2,47840697.91,89948.67
2025-09-23,1072534169.46,12419541.57,63397981.27,385586570.74,12582871.12,61511293.18,4961959.52,688472.07,42989048.82,87688.59
2025-09-24,1160605438.53,13153547.96,56304668.56,388466295.87,11008257.49,61542881.82,4919667.56,688313.67,49162566.43,75405.84
2025-09-25,1060534071.44,13586049.16,51549153.93,347642634.16,12384497.94,63619432.99,4404161.4,855366.67,43610680.44,74592.74
2025-09-26,1007022574.69,12805531.65,53978209.47,347485786.6,11375473.62,60709938.8,4111496.73,696830.43,47785968.34,71274.73
2025-09-27,1005957196.81,12490032.33,49226977.69,323554722.51,11018834.07,54574500.82,4451695.1,706963.6,43761703.66,84940.8
2025-09-28,1075678998.38,12776861.27,51161521.87,340412461.18,10500177.03,63114861.43,4041684.13,698004.39,41076297.73,99440.24
2025-09-29,1071427377.9,13655355.1,57574022.3,346170499.28,12194946.62,62427583.46,4477030.93,699807.25,44234091.33,98301.71
2025-09-30,1088149416.12,13456032.73,60914828.47,404407889.87,10964925.08,62099359.74,4728535.7,778625.85,49472983.07,73496.86
2025-10-01,1193710560.15,14937748.0,57779241.32,387821316.65,13108109.17,70924309.34,5311074.29,966851.35,51028996.9,105460.08
2025-10-02,1134985853.77,14642620.62,62452800.95,370088798.31,11541762.54,67820130.04,4660788.29,882078.95,47452974.19,99201.18
2025-10-03,1154369836.4,13937353.32,60834898.21,382540856.95,12065372.33,59436206.17,3922070.27,713498.71,46047570.33,73990.67
2025-10-04,1058826771.15,13755233.44,60470346.41,314962149.63,11706721.73,67614176.65,4632730.25,788264.05,46671338.57,83053.21
2025-10-05,1000181431.82,13790813.84,58327657.2,322631328.22,12657984.3,65131864.97,4374534.89,710383.21,45961304.66,96500.2
2025-10-06,1036774248.4,15639644.38,63882951.78,389666203.58,12380214.33,65832278.73,4781796.55,681965.34,44611217.62,95850.12
2025-10-07,1254538543.94,14717229.82,54552271.68,391414066.46,12556346.41,74040007.85,4940779.65,895283.17,47647308.44,82217.9
2025-10-08,1271029461.18,14696586.96,60906808.25,398974343.8,12801965.42,69807136.54,4932696.75,913414.93,50740121.58,101358.97
2025-10-09,1128388377.28,13975890.78,57273102.97,357981369.94,13593690.43,67292410.87,5111150.54,881351.43,51763131.93,73080.07
2025-10-10,1066349094.22,13151352.65,58099702.9,365665521.13,12530249.1,62218939.95,4230809.41,747366.11,50358078.75,86771.75
2025-10-11,1129487861.71,12590293.66,53935906.84,389944177.71,11586802.28,64107517.35,4371095.18,741807.46,46868553.01,95702.23
2025-10-12,998797098.81,12886926.56,55543500.72,370709384.35,11727597.24,64067418.51,4717359.5,800529.86,45964724.99,86470.79
2025-10-13,1044149617.02,13892675.63,64548297.42,371190566.04,11307535.15,64738116.22,4511893.51,805201.83,48598848.14,84776.52
2025-10-14,1163667194.6,14620497.92,59212199.42,371301602.62,12900318.68,64088291.58,4365327.36,779928.38,46706482.97,100217.79
2025-10-15,1106731360.81,14437422.76,61393822.37,372675459.42,11557461.46,67252866.81,5032693.61,701979.64,48015300.7,101147.52
2025-10-16,1090954298.7,13386031.37,57095265.02,328336909.73,12708962.7,64357830.79,4991859.78,786553.51,44840048.28,100750.18
2025-10-17,1028509710.5,13822167.71,55273607.12,353686775.61,11714472.7,57280593.56,4432219.44,804640.97,41667333.58,92053.23
2025-10-18,1018242949.04,13244410.84,53151591.08,351440721.93,12580961.32,54901866.82,3786570.02,646718.56,43630345.81,90581.56
2025-10-19,1076287260.57,12723187.24,54789558.06,311920111.51,10665664.39,61192258.97,4491928.21,754933.89,43493627.19,88099.6
2025-10-20,1046320712.1,12852028.88,59133036.77,339144483.26,11631449.15,53626107.43,4019427.35,763735.59,46174974.95,87286.58
2025-10-21,1113737802.0,14140114.83,62912009.9,342308435.11,13200165.84,64514894.94,4709952.88,816964.31,47505430.72,88869.83
2025-10-22,976065126.02,14002164.4,58778665.74,348538886.72,12934348.35,62826502.8,4412736.82,831009.57,47174680.23,86673.06
2025-10-23,1057393777.47,12541158.19,58233108.38,357885085.97,11483521.81,66836790.08,4226621.57,715061.78,46691820.15,76038.18
2025-10-24,974371334.01,12931159.41,50249872.82,306846651.95,11546096.59,58719749.93,4244092.81,632622.18,43503839.49,75108.61
2025-10-25,932559629.57,12832775.34,52416125.79,344674702.1,11147913.59,60712059.86,4209243.21,679065.96,43439149.66,78781.41
2025-10-26,964431740.19,12287566.64,56543727.88,352474972.54,11482014.33,58515107.63,4155997.29,771766.39,41661361.36,84332.91
2025-10-27,1039303242.06,13609615.66,58997646.37,351446879.24,11449396.19,62910610.41,4689836.57,722236.32,46135682.23,98714.23
2025-10-28,1157617124.4,13091917.66,59480545.34,326507179.84,12369183.32,67925486.09,4616997.46,746760.72,49025132.63,89983.57
2025-10-29,1052026381.7,15332011.55,62966532.31,360513663.15,11636672.44,65143048.75,5112934.75,687553.81,46672453.95,101209.72
2025-10-30,1109089951.75,15006281.95,60489913.65,395885274.2,12513910.24,68805331.06,4826040.27,901902.57,47582735.27,100156.46
2025-10-31,1043772935.0,13471460.16,60845503.0,310163426.43,12276635.27,60161483.78,4392422.94,814519.37,44413524.87,85298.84
2025-11-01,1023511222.72,13513637.5,56171944.7,344303968.19,11546938.16,62491239.22,4227838.61,789035.13,43421413.46,89995.14
2025-11-02,1113030379.8,11890014.85,55038799.52,335844437.05,10936031.07,65621943.47,4093370.9,815674.51,42868915.24,84414.57
2025-11-03,1141271887.23,13356035.03,60158919.7,389291699.2,13091131.92,67945633.49,4846098.65,830460.37,50644578.0,102719.0
2025-11-04,1240076998.78,14608125.12,50830955.53,378191703.91,13284587.9,75384006.8,4875520.33,814022.18,52469387.69,100919.02
2025-11-05,1170172046.99,14235522.46,64011690.18,405125890.72,12756335.19,67130076.67,4334713.03,831308.86,51898785.02,84807.4
2025-11-06,1113032751.49,15234056.63,47793693.42,399287436.07,12762026.44,63541985.46,4783257.91,795511.0,54294523.0,95655.98
2025-11-07,1094150522.75,15523468.51,52642649.13,406818748.84,11488362.78,62232966.56,4485918.53,956979.1,46974238.11,105216.77
2025-11-08,1089473980.94,12922140.32,58664498.52,358790805.02,11462828.39,65810368.38,5049378.09,803067.31,53125517.1,86278.73
2025-11-09,1095606464.6,13272236.44,59276535.47,372576035.54,11862206.03,65874745.33,4178843.31,746944.79,46014141.98,92623.76
2025-11-10,1065897966.38,14544272.65,55629374.33,351322138.3,13427016.91,67041229.38,4412309.93,834980.53,48916440.37,97022.38
2025-11-11,1171296393.83,16070797.05,59227002.47,416009816.44,12669497.33,65134661.96,5330038.3,765518.01,48978423.46,85318.23
2025-11-12,1183633140.96,14014702.54,67202756.72,379088591.93,13556265.55,71917101.4,5423768.82,936524.26,51088492.98,100411.89
2025-11-13,1275089632.69,14625453.33,58348384.73,370670752.94,12369953.46,62923045.78,4636758.72,766170.59,50565066.31,79565.47
2025-11-14,1177450009.73,14980362.75,64803483.61,362069783.04,12232223.63,67399056.52,4438332.84,799704.16,45870161.72,82374.74
2025-11-15,994197813.73,12152229.31,55097871.27,322372828.99,11574251.69,70243648.75,4615287.03,805045.88,48461099.69,93895.24
2025-11-16,1025830321.93,12424995.26,56577391.99,354477437.27,12192251.6,62726135.75,3837706.43,766301.76,45138458.58,87993.16
2025-11-17,996268028.67,13420346.23,62569966.83,379473031.26,11742817.9,65472658.05,4092360.14,773604.42,46691138.32,85077.01
2025-11-18,1076456207.88,13779911.3,59319137.09,378982672.61,11471468.43,64029804.34,4673715.73,792982.77,45377294.18,94590.98
2025-11-19,1130459486.54,14771872.29,55500305.98,344979192.25,11628563.45,59903854.27,5213099.4,791337.59,48693643.51,90302.86
2025-11-20,1144248447.05,13931395.75,56885704.48,361148313.92,11791125.24,61945154.35,4504147.6,735280.5,45940701.58,88207.28
2025-11-21,992618219.31,11973807.14,54545410.98,359765057.3,10841004.75,57637724.75,4441762.53,709377.63,42807545.66,89619.26
2025-11-22,967605157.49,13088034.32,48732070.29,305214061.44,11458411.22,54919456.9,4578738.76,799091.8,41206576.42,75719.41
2025-11-23,902390283.61,12522136.52,52817691.88,322121237.14,11082894.1,64982910.67,4880239.47,715821.57,49113258.77,82857.61
2025-11-24,1045854739.51,14306397.36,53457874.52,370624839.5,13240673.55,63256484.85,4362582.56,705818.08,44594563.34,83388.1
2025-11-25,1041581939.79,13590532.6,61605356.9,375415750.94,11274325.46,66338900.95,4709589.94,753271.95,43709152.6,75558.92
2025-11-26,1086834963.26,13786383.57,59359929.83,383670108.56,12658470.39,65051054.73,5307579.36,867616.57,46174870.79,82745.26
2025-11-27,1047035447.35,14345328.59,57118557.34,403023326.31,11598125.84,64248641.09,4264426.79,824450.84,46809519.27,103409.9
2025-11-28,1051809280.05,13993657.18,55717328.56,364194789.48,11569294.73,65561095.76,4808341.35,788687.21,46528957.76,89587.53
2025-11-29,945257272.01,13514749.29,55725482.75,360449885.92,11714608.88,61235076.28,4170077.76,724990.67,45646502.42,73401.54
2025-11-30,978637886.94,12335423.26,58112169.16,403828173.6,10475970.49,64162740.66,4553995.38,788962.95,46792904.8,72932.89
2025-12-01,1226739743.11,14522072.88,55300478.79,369348173.58,12592002.65,64974139.76,4682420.94,751159.23,45983849.16,89491.33
2025-12-02,1086872849.98,14050693.48,57786430.25,375562404.72,14279516.67,67574524.9,4692330.51,812516.5,50632421.44,109633.04
2025-12-03,1116540978.0,15245163.21,66837137.19,406301467.45,12959134.29,64996863.26,4764180.95,909268.71,48410504.14,94633.61
2025-12-04,1264744865.07,13723156.59,59943107.26,398619910.88,13170843.89,61776403.48,5046711.97,885266.34,48105713.27,106918.52
2025-12-05,1276904113.8,14538709.3,54131502.07,365555895.08,13156116.57,65124052.59,5063795.08,733836.21,45591139.41,94219.76
2025-12-06,1024427140.41,13319955.27,59277186.33,347509918.69,12114029.23,64583843.05,4627285.02,724066.9,43864794.34,93016.36
2025-12-07,1081263312.27,13149253.08,60074370.84,413767938.29,12005127.89,61001140.48,4740768.99,793660.49,49721109.31,77911.0
2025-12-08,1166453863.23,15150520.13,55265186.97,392501401.48,11408228.59,67758855.24,5083592.49,932313.98,50843796.05,102399.13
2025-12-09,1293114630.14,15365017.51,64024995.61,386119200.2,13787974.66,70631901.54,4803639.8,719884.71,53501134.75,93907.9
2025-12-10,1138784011.98,14810172.39,66366873.66,421844604.34,13369638.17,63253037.53,5361667.15,874688.86,51439115.62,106226.98
2025-12-11,1147713355.98,15896357.12,63040181.37,389138160.97,12382054.21,65622648.63,5224655.83,738607.55,51732628.43,87131.43
2025-12-12,1149396443.95,13801244.66,60932729.45,367850669.57,12497320.48,66813873.67,5482425.4,750177.66,43241156.43,91916.98
2025-12-13,1091892901.88,13652775.7,51926810.59,369972423.64,11645118.03,64471364.83,4476627.03,741075.67,47776261.91,90308.51
2025-12-14,1051382118.15,13851311.96,57986294.02,337516076.25,11709656.93,59759244.87,4466075.55,739634.41,46329636.53,86124.91
2025-12-15,1099016779.78,13675248.23,57642027.95,379138915.87,12795476.49,66000774.76,4960576.94,756551.29,48904814.15,93973.85
2025-12-16,1062204044.99,14891386.2,58769271.85,420821623.24,11946072.2,70956731.53,5128595.93,815195.04,49812361.46,90631.0
2025-12-17,1128881181.07,14183846.78,63788219.06,393682183.27,13495359.96,70243709.67,4739172.43,781117.79,46547221.23,87210.82
2025-12-18,1090589565.78,13808191.25,63854683.24,365195525.24,11539535.26,65104739.64,4622461.72,697138.52,43822353.7,104715.72
2025-12-19,1064315210.26,14333977.5,61836144.84,345296365.42,11418004.73,60810274.77,4655405.91,798387.2,43484752.05,94894.89
2025-12-20,990002828.52,12312454.61,58293430.35,335854026.57,12528564.8,58368970.3,4147346.07,771148.03,44873090.15,76799.97
2025-12-21,1049617310.3,11501689.17,54052886.81,340916734.02,12158842.58,62108923.77,4286493.78,781864.7,45463841.16,88467.85
2025-12-22,1119661716.57,14687983.52,57744026.69,352078949.39,12020306.34,63687273.0,4591833.99,667387.45,42548933.39,80534.85
2025-12-23,1116457557.43,15931904.87,61488373.32,390142379.47,11850252.08,67629902.83,5031638.02,810243.16,45150107.48,79722.69
2025-12-24,1140370501.51,14004490.59,59895960.49,344662632.14,12245960.98,66762131.87,4628603.73,843759.97,46291518.91,100940.04
2025-12-25,1099009933.37,12626896.27,58616552.98,385001752.06,12348202.71,67526736.08,4178275.13,718337.85,46136345.02,74229.47
2025-12-26,1055362185.91,13252221.29,58766313.59,348628997.41,11868076.83,62755359.68,4002839.89,754380.16,42149365.24,94136.67
2025-12-27,995926669.6,12990001.7,54627983.82,354472400.82,11544478.03,63547851.56,4093408.83,731137.35,41131674.76,82211.52
2025-12-28,1068538419.18,13289586.08,53372409.12,334249259.84,11788754.97,64965511.17,4152916.47,862080.06,43228645.79,84052.25
2025-12-29,1098651118.38,13297974.86,57123921.55,396459071.18,12259249.77,62711654.29,4687627.83,909997.31,47519260.59,93817.05
2025-12-30,1278431150.99,15189357.01,63743872.85,413977676.5,12053623.47,62301466.52,4606092.51,716582.18,46671145.65,99965.04
2025-12-31,1270988362.63,15423415.75,62532982.22,415809630.8,12884193.3,75117637.55,4836906.18,1009557.89,50205945.09,88238.94
2026-01-01,1170560914.43,13553524.46,62179660.07,357419586.71,13479753.17,68839070.43,4693146.99,760229.63,51822338.27,100475.88
2026-01-02,1066492748.35,14637243.0,61199510.92,388848709.46,11594182.87,59997194.97,4626387.82,854132.77,44426831.38,91540.16
2026-01-03,1025875437.9,15277895.32,56343831.26,373198163.47,12077552.9,61996370.33,5024972.97,836168.33,46074976.16,77538.87
2026-01-04,1170247651.28,14208735.82,61263629.79,342061857.14,11888968.63,67889248.38,4921434.3,726065.68,49759681.42,88629.11
2026-01-05,1170572912.65,14488607.1,62700152.31,388588576.0,13040911.38,67424237.89,4956480.51,857848.19,48481317.02,107345.81
2026-01-06,1233964832.48,15261216.83,59203365.75,413173197.0,13263076.11,69492447.79,5021580.71,853334.85,50163031.34,114862.93
2026-01-07,1112488071.47,16024200.19,70267738.19,421824441.14,14691017.07,77185774.04,5087665.35,909180.71,55273160.44,106631.36
2026-01-08,1242969712.27,13840474.9,61136906.97,403547402.4,13671129.12,66622016.39,5191048.72,864147.26,50129937.63,85427.43
2026-01-09,1161846733.22,14609343.68,54293311.69,388112770.35,11915044.64,64551535.81,5039370.22,889115.38,51375947.52,97287.31
2026-01-10,1040327901.71,13775248.64,54781365.81,398236574.85,12778535.31,65878881.17,4463573.2,791520.07,48218953.19,97567.75
2026-01-11,1081743304.98,15436471.22,55183242.48,395924702.92,11953544.54,66847429.97,4758374.91,780702.88,46665912.9,97000.9
2026-01-12,1161593344.11,14496069.23,61023857.07,330715755.18,12497351.93,69536575.31,4314530.9,890717.85,50313161.0,100936.26
2026-01-13,1186486374.81,16352925.6,61759963.66,392161025.37,13491279.44,73227905.62,5136061.11,884520.26,51528971.59,100111.83
2026-01-14,1168229656.66,14287269.04,61635333.23,395928856.48,12979992.01,70861798.84,5313268.82,896397.76,53402748.77,96078.69
2026-01-15,1140012837.23,15045799.44,63065970.53,352073704.5,13436842.17,69480609.23,4828653.71,775011.55,47765305.56,87855.27
2026-01-16,1074912017.58,14107307.25,58941859.51,368304920.38,11746090.1,63593944.72,5174051.86,712568.11,46751588.38,72001.06
2026-01-17,1058507446.74,12816934.86,56797505.76,375824467.37,11426352.8,62367006.75,4264071.41,716273.6,44882702.25,88667.21
2026-01-18,1131337271.95,13560600.74,57291095.23,335573827.94,11440221.63,62703330.02,4575224.73,715332.95,46753104.41,87625.34
2026-01-19,950266161.97,14748260.64,59984256.12,373273007.07,11890538.03,65214234.01,4662118.65,827670.23,44326712.56,93955.62
2026-01-20,1114187610.22,14149057.53,52261716.79,362295928.04,13351639.21,69309646.13,4803236.33,868269.61,50780342.81,79732.82
2026-01-21,1144514627.74,13246494.87,58881753.71,369191765.97,13134566.55,69007727.45,4828800.09,800301.64,49755192.36,98586.06
2026-01-22,1120055563.12,14065709.23,50903767.38,399115581.43,13447902.56,65466670.71,4760630.01,878619.74,44187640.5,108611.04
2026-01-23,1037647882.81,12877580.4,56223509.52,346374313.26,13213350.27,60043878.47,4761868.29,837900.68,48050772.76,86988.08
2026-01-24,939877598.42,12917669.03,54658151.43,354984075.87,10969477.5,61188148.63,4780963.12,750318.48,49092036.82,83594.16
2026-01-25,1062112341.69,13274389.4,58925991.03,318957183.55,11770609.48,61758819.83,4477859.58,697333.2,47027981.14,87940.0
2026-01-26,1187941820.56,12758196.16,62156961.27,402506102.79,11552136.42,65342399.02,4915679.45,879509.18,50207972.33,107406.93
2026-01-27,1056281783.34,13413302.5,61441657.53,396839322.7,12341779.56,75177213.84,4696500.31,813168.43,49238722.91,83829.62
2026-01-28,1213981394.34,15201125.79,59894553.9,388288717.26,12650637.66,67069456.52,5216572.09,839617.44,45730394.14,96927.86
2026-01-29,1124581582.24,14202549.78,62434259.85,396089463.58,12155305.1,69097189.38,4676094.83,794499.58,44483049.65,85872.07
2026-01-30,1101081591.41,12281048.61,56748132.65,345696247.7,11745074.14,68858561.49,5043188.91,732748.95,47938055.58,85228.83
2026-01-31,1026296790.89,14360213.5,57477935.72,386363328.7,12072086.62,64429534.06,5258655.27,682890.73,45054135.62,87996.43
2026-02-01,1076490520.43,14154440.43,61528515.53,362684723.38,11540970.41,72368145.28,4657625.11,821591.21,44774347.96,101412.52
2026-02-02,1223497450.69,14130303.0,58917841.73,382900858.74,13437893.74,66706303.59,4275818.69,769158.9,49080739.51,110671.28
2026-02-03,1237798067.39,14331211.27,66904929.69,395054195.55,12880849.65,72337152.86,4985170.43,1069391.82,53133360.51,102584.41
2026-02-04,1327663492.12,16235900.15,67467026.89,399488803.49,15641045.44,69424418.21,5623467.65,796909.69,48560668.16,95985.31
2026-02-05,1266956083.7,15528273.44,59851522.57,416903038.38,13127175.54,69569591.0,5298095.9,768684.39,50128370.41,122022.59
2026-02-06,1175214616.28,16415352.53,64584246.94,392188860.54,12954281.74,68906434.69,5002038.84,854928.06,53004984.63,89861.26
2026-02-07,1218232514.39,14592702.92,61948555.5,389615960.25,11762738.85,69123073.56,5092888.52,898297.98,45440650.51,86247.27
2026-02-08,1157244278.86,14723727.89,60453391.52,381146896.36,13794748.54,68088194.68,4994160.47,813028.56,50641462.37,76032.34
2026-02-09,1225721478.21,14887384.36,59596221.67,406504865.73,13950659.2,74044289.44,5412814.1,879197.64,49220071.0,109495.01
2026-02-10,1201440888.93,16190415.62,61373546.13,402056122.9,13891759.47,71833239.2,5514858.26,742617.53,53691647.84,109192.21
2026-02-11,1229615510.98,16120421.78,62930731.21,458689501.31,12829703.18,71327188.87,5731850.89,827937.51,55404797.43,124232.57
2026-02-12,1145832151.46,16091030.35,65046879.6,368440781.29,13466445.64,79764517.09,5197674.93,775187.04,52767258.98,83450.09
2026-02-13,1185132361.3,14028344.5,56484139.51,404234427.76,11964614.42,68151029.52,5102545.14,684327.15,50596773.08,105626.34
2026-02-14,1025696259.47,13599243.59,59350004.08,392111759.09,13128164.12,62184283.44,4584959.95,785791.59,44020793.02,89596.13
2026-02-15,1135091136.86,13599400.83,53643518.49,352163021.94,12757276.09,62405714.1,4512599.87,640258.97,49422283.0,96360.48
2026-02-16,1117080648.6,14954417.47,59111395.98,422111769.92,12719745.88,63603069.11,5328551.01,720381.85,46274873.38,76897.16
2026-02-17,1231132271.76,15945855.89,62117410.91,411123365.23,11464075.13,72055263.84,5049042.73,795029.58,50490666.97,108878.71
2026-02-18,1209453670.5,14527377.28,70927227.18,411588120.64,12440907.6,67732880.43,5237074.79,777262.83,50603203.08,102642.7
2026-02-19,1231644080.67,14093158.79,54949681.86,380665523.62,13106831.6,67236702.0,4873974.95,831913.83,49554077.81,91794.86
2026-02-20,1115239260.73,13939062.16,62132201.34,358366634.85,12809106.56,63475066.45,4448843.23,787306.3,46887998.71,93496.79
2026-02-21,960960105.19,13139303.17,55837049.73,347515943.99,12355657.65,63982409.06,4472675.68,798222.23,42811500.96,78620.47
2026-02-22,1048548462.04,14058058.8,57201344.77,361186252.46,10868953.45,59629250.39,4897356.2,796710.92,42045542.36,80906.88
2026-02-23,1031153773.49,12398188.03,58532847.01,394680003.13,12480019.6,61340044.2,4850707.7,853791.07,48990734.15,85271.69
2026-02-24,1111149998.08,13948454.17,62142580.18,387599044.4,13454019.11,68268560.9,4386739.92,814668.06,49341836.94,75866.76
2026-02-25,1243215858.55,14166548.31,60766656.21,371485851.99,11898348.42,70464551.31,4889779.08,845669.87,52384417.55,102488.56
2026-02-26,1168373140.96,12766775.45,65321726.52,396994685.23,12704240.12,68126669.15,5371556.25,841867.1,48417741.34,103445.02
2026-02-27,1053459426.72,13252698.55,56335636.4,384511975.67,12420500.97,61990579.01,4618304.45,788555.7,43496268.03,82861.07
2026-02-28,1015531109.22,13020445.36,60618473.76,372013923.73,11826854.94,65456521.06,4089379.08,739828.91,48061217.99,90367.47
2026-03-01,1109908212.12,13991706.78,56523514.65,387041510.11,11285928.76,63141795.81,5288366.85,770444.13,46610215.68,88054.5
2026-03-02,1092036048.79,15656512.53,61474675.17,386239214.8,12838899.14,67022158.79,5187310.39,776224.62,50684922.29,98035.53
2026-03-03,1176499288.2,15337164.39,60439531.28,390883205.87,13440514.49,68646777.64,5195297.6,898864.52,50483172.09,93138.92
2026-03-04,1255942508.12,14960617.11,67409642.31,398346233.18,13777999.39,77951056.91,5181820.08,876677.91,57356634.85,92032.77
2026-03-05,1280974959.3,15402691.65,69829857.48,374445871.49,13210112.47,73942541.46,5527134.21,819121.69,49626120.69,109259.43
2026-03-06,1199327709.4,15624458.06,61471360.42,396569096.75,12774812.97,70967641.47,4825936.78,787312.73,49039888.83,94405.46
2026-03-07,1004169486.77,13759631.32,59465684.19,380296286.08,12704384.22,71305649.45,5195274.45,731628.53,48865265.94,111299.87
2026-03-08,1163538542.34,13953016.64,56746290.19,377440338.2,13148947.05,77369353.17,5071634.37,882746.15,46436122.21,93992.2
2026-03-09,1195526988.7,15618682.83,62338875.08,341851202.7,13167497.51,64476582.32,5180249.92,856234.8,51896695.05,88238.26
2026-03-10,1259817577.67,15568916.28,59233205.54,389702464.97,13570339.59,70352039.63,5335933.61,820771.62,57160795.19,113119.44
2026-03-11,1340587941.61,16333033.56,62209870.0,441077422.85,13986633.53,71147093.09,5259998.43,943275.12,51854441.43,107640.48
2026-03-12,1077622328.02,15315812.39,64624839.4,391167697.33,12191736.74,68088638.53,5472706.14,819789.76,52513686.59,105217.89
2026-03-13,1109119776.61,15089219.94,65442966.33,391792268.97,13134431.75,63996485.52,4643821.71,724499.54,42247803.28,104405.87
2026-03-14,1135658647.5,13341582.46,68395558.19,345613414.6,12381028.6,64305503.3,4267382.2,852275.98,47182331.67,84168.19
2026-03-15,1018118223.56,14092810.67,56596938.6,399054856.77,12433799.6,61450046.74,4912722.05,755744.0,46638868.09,89100.08
2026-03-16,1225672854.17,14405780.44,65781910.31,381593726.35,13427504.45,68686154.45,5077152.06,788642.17,46916762.7,91581.04
2026-03-17,1198725962.86,14100628.17,63368993.31,402100578.1,11921749.4,69842053.73,5189842.71,843517.84,53172566.7,83683.29
2026-03-18,1229677615.58,13871368.28,62030385.27,443456340.43,11935107.81,71500660.06,5179718.45,919697.74,49735543.74,93766.81
2026-03-19,1109865926.14,15072108.07,62194885.0,413882528.66,12999320.77,69332727.73,4802176.54,817365.65,48528955.64,105727.29
2026-03-20,1133188367.41,13645106.53,57992143.52,361044565.78,12217814.45,66387148.21,4887138.39,703162.67,45786330.42,90998.12
2026-03-21,1111879905.53,12774761.97,56376652.49,344878557.99,11948163.83,61301576.41,4511171.08,786725.98,40899968.21,74564.58
2026-03-22,1077127247.18,13515426.18,55111710.53,352695504.01,11674901.87,69697762.75,4429761.37,731013.58,43048571.35,73393.86
2026-03-23,1121507215.29,14936692.32,53885042.62,382792210.62,12855831.09,66375015.97,4661876.52,911384.85,49790773.31,105555.78
2026-03-24,1170028891.34,13045629.91,55581868.2,386689516.47,13562072.86,61960539.64,5547363.82,824514.96,44255804.15,93387.57
2026-03-25,1119270945.49,13803962.65,64502031.46,386116633.85,13447768.06,65761304.63,4491409.48,686149.27,48211974.13,89308.95
2026-03-26,1137428252.7,13941388.72,59792404.17,414163976.3,12694189.14,61915610.87,5058182.66,841886.13,48127679.59,90978.33
2026-03-27,1096289392.56,15120195.48,56521008.09,369871279.61,11093100.12,65437705.31,4257505.14,911837.18,51472468.44,76858.27
2026-03-28,1103344247.15,14003668.55,57472935.85,406461357.52,12618905.08,63681516.66,4609546.95,870769.65,48179806.78,100951.38
2026-03-29,1158021814.95,14607147.52,61311734.62,373065366.92,13135555.62,63744137.43,4603682.65,903167.16,45949814.51,86492.89
2026-03-30,1096587641.34,13926812.42,62102872.0,424699335.77,13415350.17,75417136.69,4341507.85,759578.59,52859694.16,107444.68
2026-03-31,1206066292.48,14613722.06,61862957.63,415980234.24,13023474.35,73800021.42,5322778.05,930153.59,50087817.21,99585.38
