Periode,Parc_CAG,Ca_CAG,Parc_NAFAMA,Ca_NAFAMA,Parc_OMY_HORS,Ca_OMY_HORS,Parc_OMY_APPLI,Ca_OMY_APPLI,Parc_OMY_WAVE,Ca_OMY_WAVE,Parc_TRANSFERT_PAYS,Ca_TRANSFERT_PAYS,Parc_SINGLE_WALLET,Ca_SINGLE_WALLET
2024-01-01,916,3082656,25623,27747775,134969,110620195,85243,103423517,12093,11676551,9180,20841364,507408,673509686
2024-01-02,921,3213763,26262,29513673,137500,111306130,89834,110490472,13082,13148902,9729,23577990,534124,725471310
2024-01-03,989,3479368,27081,29824705,134265,105235665,90723,108996127,13128,13233197,9650,22862545,539145,770926007
2024-01-04,975,3541415,26458,28395593,131345,113350748,87348,94413137,13510,12593724,9676,22913397,551843,876082209
2024-01-05,859,3246432,25937,27305502,126153,110146489,84779,97475930,13121,11843592,9179,20195849,528227,732813661
2024-01-06,856,3418592,25334,26526915,121803,104437015,83654,96473278,12760,11980950,8576,20683235,507328,770192324
2024-01-07,905,3369659,23822,24325366,130627,106546378,85362,84814932,12236,12415175,9117,22291664,504953,762528179
2024-01-08,930,3505145,24310,28249795,140125,107783258,90237,101845338,11962,14060179,9175,23218138,521598,756658030
2024-01-09,973,3577754,27865,25845227,140613,123695130,94959,116816282,12809,13716766,9335,22253146,561859,722673257
2024-01-10,955,3971420,28195,26963665,131968,108163864,91746,107425531,14193,13833029,9950,23640221,558361,822340095
2024-01-11,976,3338466,25598,29611097,136530,107000339,88555,109217008,13044,15024142,9753,25706005,537965,682543090
2024-01-12,926,2831407,23740,27466767,130104,105669460,86608,96591297,12288,12442167,9297,21599997,547243,782643054
2024-01-13,876,3407583,24356,27509538,134219,107372757,84080,91874782,12740,11995397,8990,20015851,503865,697949205
2024-01-14,906,3031014,25028,24909623,121077,93075900,81706,94640724,12636,12180937,8349,20721357,525744,581538885
2024-01-15,918,3238749,26496,24338026,129196,97286903,87503,90855747,12579,11336676,8777,21739974,514547,699389209
2024-01-16,909,3577869,26317,26563628,141659,95538465,90703,92785346,12844,12108275,9992,22085452,543007,764887916
2024-01-17,945,3003105,25668,27160715,136799,109233962,91674,106131516,12927,12081044,9152,22281166,539010,726699701
2024-01-18,878,2972875,24439,26239651,132786,98391247,89934,103280619,12641,12521843,9308,19725478,495717,743759393
2024-01-19,883,2765454,23910,26548373,124715,98070016,79153,85424563,12524,11352817,8521,19368047,518454,644182222
2024-01-20,832,2819816,22924,23535817,121477,101009781,78682,93006949,11713,11195448,8440,19715278,479195,605471185
2024-01-21,834,3060243,22584,24737143,123953,94067689,79225,88054230,11901,11910506,8318,19833940,495358,658705323
2024-01-22,854,3195964,25695,23682064,122820,103080787,82062,93862551,12528,12221178,8960,20110907,492149,688784375
2024-01-23,939,3274306,26511,26877018,134296,103788110,83889,98261297,12140,11961230,9197,21410681,520810,699702281
2024-01-24,912,2981850,26321,26476347,126905,111214862,82684,102493019,13015,11726431,9140,21969956,515660,776103647
2024-01-25,885,2744801,24207,24725263,130725,107536512,84876,95067664,12337,12763182,8776,22551549,537001,670931178
2024-01-26,854,3077900,24583,24573940,125302,96486078,79613,98784224,11079,12038805,8794,20489719,503190,693479280
2024-01-27,858,2918341,23914,24132609,119755,97550403,79982,90817404,10983,10177149,8230,20662003,493420,669087185
2024-01-28,869,3141824,24204,24439901,124128,106608677,79281,94170442,11579,11250373,8806,19875342,517096,615029622
2024-01-29,914,3344080,26010,28843553,127928,107778180,82425,90502237,12735,12152988,9844,22300056,539540,655633696
2024-01-30,958,3391564,26780,27168341,132255,101119248,89975,112792442,13184,13203178,9953,23109100,559145,746846337
2024-01-31,1025,3580690,27348,27416933,137645,116786751,91375,104530884,13451,13543140,9948,24203658,532747,850132478
2024-02-01,927,3383389,26572,23704494,131095,102384740,90193,103320418,13800,12728780,9467,23383665,531023,766242612
2024-02-02,892,3324714,25431,24776001,132171,114690244,91203,86429743,12108,12507687,8630,22414136,507844,640910511
2024-02-03,866,3023239,23342,25243396,123817,109943956,84548,89088758,12321,11883202,8621,21083879,524161,569680122
2024-02-04,919,3174786,25136,25003090,133166,107139174,86490,102354860,12651,11548554,9478,21879871,524193,743399149
2024-02-05,976,3396840,25791,29538629,131552,111197458,86293,101382583,12824,12392160,9321,23995533,522788,740579406
2024-02-06,981,3673664,26304,28166452,139823,113445183,89412,92008927,13689,13144798,9748,22603916,565738,830044167
2024-02-07,971,3457480,29061,30995986,141163,120923969,98528,111676678,13169,13251633,10020,22894950,549642,744171533
2024-02-08,947,3559072,28361,28144440,145777,110721752,89132,99113300,14051,11477662,9502,23439857,559918,781814770
2024-02-09,946,3247726,26836,26875385,135406,109823957,84920,106276491,12628,12081215,9040,22726859,509676,769446703
2024-02-10,920,3177283,25190,25860270,129168,110488026,84896,94494923,13261,12039906,9086,20435948,528225,690905777
2024-02-11,920,3378414,26161,26154144,132697,102038897,85253,96714934,12559,11864653,8907,21525547,528894,695791971
2024-02-12,918,2932016,26027,29848834,126739,105234135,86065,105860698,13410,12303530,9260,22248993,572143,740021550
2024-02-13,973,3169930,27017,24041217,139460,104704299,90468,96550126,13406,13267333,9546,20024804,572771,787486182
2024-02-14,972,3137225,26019,24618109,148273,105771986,94840,96137793,13439,12077005,9946,22830886,552462,763359504
2024-02-15,942,2862257,26312,26160890,135748,97228270,86270,97643107,12773,11261839,9399,22150746,554117,781615572
2024-02-16,912,3033000,24745,25710935,128704,108285036,80470,98520389,12394,11608571,8943,21038148,492228,682052122
2024-02-17,864,3187965,22903,25813978,125976,110968589,83328,83337870,12031,11964946,8831,22238809,481438,622941727
2024-02-18,878,3007953,23872,25570415,127663,109002288,82489,81758911,11673,12637961,8666,19061242,502263,759537017
2024-02-19,892,3203302,24673,25128576,120901,93740984,82524,98627631,12320,12428601,8927,20217397,481123,676915447
2024-02-20,929,3488079,26958,28228639,126298,112103962,82840,93683469,12555,11196268,9442,18550134,531449,701665977
2024-02-21,944,3556595,26426,28419589,134670,117313119,85547,95494388,13756,12180935,9556,21494110,518919,728009754
2024-02-22,862,3191366,25045,26325408,127397,102270802,84984,84539103,12485,12202520,9073,21020184,522340,713899945
2024-02-23,855,3319081,24162,26382507,129618,101339921,84392,87421105,12547,11634298,8751,19993917,482709,665302780
2024-02-24,829,3007995,23402,24703219,120379,86331916,76990,88768640,11617,11580969,8307,21434654,492299,663035859
2024-02-25,837,2881269,23556,23818369,116091,101136176,80378,95090324,11943,10750391,8404,21435128,493261,671494933
2024-02-26,885,3061214,23995,26872112,124055,97513998,86029,89879913,11909,11950486,9236,21427812,537515,711713715
2024-02-27,976,3025938,25827,27161757,123784,110273746,81911,108394655,12798,12767615,9570,21816439,539763,632609978
2024-02-28,925,3197975,25800,27448298,136267,100457364,92510,96164805,13279,13294975,9737,24093219,536264,834071246
2024-02-29,961,3247458,24955,29347904,134062,112443338,85027,94487221,13581,11843661,9517,22271405,535302,729839897
2024-03-01,863,3388222,25640,22400989,129643,112581955,86715,104812652,12711,11870371,9205,20651257,504078,742167441
2024-03-02,882,3496207,25049,23558098,132908,99097149,84800,95273883,12893,9955918,9200,19099316,521240,644987198
2024-03-03,912,2957780,23847,24338737,135737,98609477,88458,92578326,12841,11643715,9429,21095880,533378,695380053
2024-03-04,967,3457782,26295,26849310,136536,96506689,91215,99355624,13840,12269498,9869,23724699,589615,719293946
2024-03-05,1014,3308065,28389,28229890,134160,113923319,87038,113251747,13758,12421882,10003,26944163,562661,851886983
2024-03-06,1029,3676034,28811,26414220,147892,113186976,92705,115444771,14963,13536559,10587,24103150,576147,765158768
2024-03-07,971,3461785,28099,26674226,144112,103835699,93067,98509938,13431,13040684,9990,22366706,557206,809385580
2024-03-08,927,2975181,26143,25753964,137043,112651933,88262,98973468,12756,10834828,9685,20859828,546589,712644036
2024-03-09,936,3426541,24715,30260197,135741,103626133,87451,96879728,12218,12328983,9308,22529650,533475,700595603
2024-03-10,914,3150559,24711,29434039,128171,100347921,88895,91312139,13663,11576767,9366,19639550,530400,714674143
2024-03-11,916,3278874,26738,26842568,145905,107450205,91620,100227030,13557,13072871,9420,23510518,568389,809470713
2024-03-12,951,3275280,27654,27816528,138092,122223038,92369,103937164,13535,12115278,10162,24668826,558211,688492139
2024-03-13,960,3371068,28471,26543343,145750,119298019,88040,111294296,14220,13181740,10830,24191954,587051,717061942
2024-03-14,968,3479979,27382,24410993,130858,110460091,88892,108023041,13527,12507106,9540,22495419,560249,664838454
2024-03-15,910,3186645,25082,26005198,127290,109691377,86687,93799924,13333,12306983,9186,22390236,523588,668493104
2024-03-16,893,3170571,23384,23750206,132060,94916147,79888,91121117,11582,11746950,8724,21104578,500481,656272659
2024-03-17,865,3184519,24117,25195367,125630,102469820,84359,96219136,12078,11509192,8734,19963550,543358,624558555
2024-03-18,910,3476238,25328,23657967,134151,106623489,87890,92266151,12407,10965396,9584,24043837,510585,683180757
2024-03-19,953,3258486,25834,25795330,136117,106086908,88707,102255990,12226,11370145,9270,21881025,545455,648927690
2024-03-20,931,3045960,25658,27396792,135346,112528177,80615,98695548,13470,12093841,9369,23499958,530870,696238298
2024-03-21,925,3453519,25549,26950647,137251,101512166,82908,90751862,12576,12165278,8790,18642400,555677,772004738
2024-03-22,856,3041712,23879,25847031,125182,104946482,87100,86843901,12392,11213166,8625,22448177,517726,705249168
2024-03-23,840,3220673,23140,22584356,116087,102333871,78872,97401474,12627,11745123,8145,22069905,480570,677327871
2024-03-24,850,3126433,24099,26104454,121164,82727531,76346,89877456,11812,11268501,8856,20570155,504259,637281870
2024-03-25,866,3167821,24644,24697093,131858,112250871,87956,104119931,12315,11280263,9843,22171819,522865,643141549
2024-03-26,952,3405754,26253,28133749,137131,89444925,88647,95983750,13077,12301057,9382,23164470,533689,689573053
2024-03-27,940,3786631,26700,27524675,131237,107117016,93027,102393496,13634,12884076,9158,21896951,563374,750165532
2024-03-28,936,3742905,25112,24808100,132268,115923460,89139,112989031,12780,12723864,9720,23095091,547141,776899758
2024-03-29,917,3227202,24746,25616914,128283,103446032,86542,89357235,12316,13410112,8940,20545235,525626,751673922
2024-03-30,898,3182677,25690,26174559,126661,94337905,84647,82929674,12705,11346971,9314,20406432,511617,725898247
2024-03-31,921,3419516,24220,27058125,125105,98480328,87107,102720403,12690,11992258,9057,23040526,528716,681145234
2024-04-01,938,3174385,24467,26940656,133292,116487773,94896,94351844,12261,12860852,9329,23781824,547150,743056528
2024-04-02,973,3573560,25843,31082546,139220,101706285,95774,103882262,13183,13119828,9910,22541780,570335,762361271
2024-04-03,1000,3557142,27858,30696544,148083,124818877,90147,102048539,14543,12958718,10362,22883129,567801,780925476
2024-04-04,933,3558984,27316,27945121,145356,114241413,94031,105372712,13810,11881803,9866,22560759,596487,869784771
2024-04-05,905,3193995,26174,28546598,135988,102426524,92364,94120052,12833,12221472,9419,23582146,529126,667103991
2024-04-06,886,2968213,26568,29752558,131729,103895930,90300,96357455,12751,11511640,9275,20722529,540027,717754273
2024-04-07,906,2908184,23867,30159685,135493,102328164,87092,101261681,12979,11164534,9085,22792463,534523,790486386
2024-04-08,984,3225912,27334,26024078,137029,119353475,95056,96441072,13805,12347454,9950,24272644,591541,699707128
2024-04-09,982,3489519,29347,27533926,140758,122914275,97966,102052103,13446,12610632,9657,23981040,567289,765396323
2024-04-10,1004,3547608,27257,31954548,142564,106268068,103323,104971031,13750,14016078,10132,25732688,573865,775787567
2024-04-11,1024,3909741,27052,26651732,139584,112146587,90945,95069551,13794,13608533,10187,23103534,552616,766731788
2024-04-12,928,3556217,25466,24946025,130752,103759511,87235,96495102,12988,11827695,9570,22118946,547182,669079778
2024-04-13,926,3035057,24489,25407103,131489,113891288,84772,96304712,12798,11890118,9322,20372108,501851,740182604
2024-04-14,883,3296834,24983,26900945,134069,97382705,84521,93576177,12150,10760220,9166,23022168,517253,745181415
2024-04-15,932,3252958,27166,26925552,129010,119941122,86205,97378186,13165,12133126,9815,21372659,506853,762386374
2024-04-16,939,3378606,28334,26837545,139744,112559505,83735,101921553,13866,13198258,10046,23578692,562582,722813253
2024-04-17,958,3480969,26625,26840300,138936,105087843,90254,98183585,13644,13549080,9921,23031583,551042,767811201
2024-04-18,960,3454199,27506,25903523,136687,104840283,89446,102973017,13064,11954940,9735,20963139,517041,699069859
2024-04-19,845,3105429,24792,24396736,128729,99011383,82956,102216281,12347,12637558,9218,20519773,531894,689298293
2024-04-20,874,3263686,25229,28338737,119197,92965674,86221,88539449,11684,10458243,8609,22322430,478970,768631150
2024-04-21,875,2877598,24067,25548315,120748,101943167,82091,94382410,12041,10717529,8431,21007120,514007,689365704
2024-04-22,887,3211579,25180,27471982,130536,97578970,88578,93937271,13014,12551454,9245,20263576,510712,661545844
2024-04-23,898,3857260,26357,26318551,139755,95174721,89338,101243700,12989,13769020,9645,22832117,568339,748437953
2024-04-24,951,3420711,28886,27120180,128022,108236424,91885,109625565,12834,13032998,9913,22480519,560858,688200500
2024-04-25,914,3585241,26450,25675061,135508,96607792,88427,100999983,12705,12350092,9124,26777777,520246,679791236
2024-04-26,900,3195914,24305,21716171,133733,99586520,87895,84320126,12491,10349334,8793,21720616,502290,661167632
2024-04-27,876,3219980,25016,23191089,125827,96528782,82789,94890475,12018,10252409,8971,20428311,514812,671971357
2024-04-28,934,3156862,24479,22941176,130810,98505472,85393,100996025,12554,11970936,8989,23095996,510692,742334693
2024-04-29,928,3290450,25591,23364934,132207,122179493,89276,97382111,13190,12198821,8919,19868792,537477,763208191
2024-04-30,950,3321722,27966,26282503,141059,114728648,91762,109631979,13975,12200578,10021,23545309,587876,797429030
2024-05-01,1003,3639273,27742,31116395,137116,118122013,95380,100960674,14450,13356107,9528,26688317,563549,735240770
2024-05-02,987,3306713,27452,28238159,131612,102156394,98769,94232641,14019,13158109,9629,23249973,567824,748068365
2024-05-03,984,3496084,26275,29429952,140437,105981684,88574,100649647,12764,13321225,9948,20238253,561942,758078978
2024-05-04,948,3504202,25962,27390150,129705,109346625,88489,87377529,12503,12438500,9868,21579381,547597,702442734
2024-05-05,950,3413960,26430,28415922,133853,102872110,92080,97744279,13019,13450136,9153,24402667,540231,728793520
2024-05-06,1024,3429225,25675,26816959,135851,120725482,95851,111581950,13445,13090591,9824,23971697,562073,794656120
2024-05-07,985,3731958,28950,30446109,141348,110605637,96536,95496139,13707,13529481,10345,23180685,559567,789204257
2024-05-08,1012,3600219,27813,31106862,148242,118293280,90469,100538236,14139,14633994,10989,23632128,577187,824910824
2024-05-09,976,3769251,26676,27994177,141814,112987328,96269,99391472,13743,12597746,9999,23173413,585488,867526042
2024-05-10,947,3033028,26574,28615038,139997,112909428,84484,100774479,13042,14935726,9551,23389986,551421,748233115
2024-05-11,889,3232320,25836,27712810,135831,104080464,91487,95782576,12764,12648816,9817,23942984,537251,783699090
2024-05-12,950,2917596,25347,26033493,135901,106953011,88459,106623441,13400,12709067,9316,23667462,555210,759828422
2024-05-13,957,3117831,27425,25953998,140140,110792924,93707,107504218,13459,13248681,9951,23641833,536749,693037087
2024-05-14,950,3821520,26486,26662030,150298,110801310,91291,107986054,14822,14738651,9600,21837381,569956,731934208
2024-05-15,965,3727199,27297,28889016,139097,119442902,89581,105928543,13888,13895279,10007,21872092,578051,745565571
2024-05-16,971,3271031,26239,28321181,138652,113777545,91517,103884479,13238,11585195,9238,23703666,543789,719600083
2024-05-17,937,2955565,25343,25138290,136451,106021751,86199,91449553,12691,13207325,8945,20063342,550536,716836514
2024-05-18,935,2578623,24709,25524886,132255,100259015,82085,97904651,12346,11521378,9144,20788294,523578,721580102
2024-05-19,963,3046685,23861,26464719,122487,108278072,83868,87258993,12463,11886128,8943,21546083,516230,751393966
2024-05-20,929,3735885,26039,27488001,131283,105524396,93845,101698929,13537,11294080,9188,20421517,558631,737170749
2024-05-21,922,3467168,26448,30010729,142865,108833161,92002,107453268,12864,13071308,9393,21307447,524397,729667642
2024-05-22,897,3291183,25096,29789894,140458,112445578,93307,102380540,13646,12271595,9620,22751633,553269,661199567
2024-05-23,941,3411547,24406,25346257,135621,119988218,90391,97489061,13045,12520799,9523,22972933,545254,739507005
2024-05-24,874,2886652,24873,28491724,128543,96101516,88355,96824111,11855,11739958,9324,22761772,503354,707752498
2024-05-25,864,3053538,24128,24455862,124849,106726256,82112,76451631,12425,13005347,8145,21649427,509770,697380665
2024-05-26,872,3176587,24593,27265108,129392,91843861,78707,95445510,12804,13249902,8756,21309824,496098,789164329
2024-05-27,927,3291408,25826,26991214,133390,109975375,87385,97553056,12591,12441498,9453,21233753,548769,788714676
2024-05-28,1006,3629030,27251,27454063,140571,124427101,94271,102544009,13530,13042268,9823,21782323,580871,804926029
2024-05-29,996,3599354,28333,25544584,143599,119103710,90946,109129003,13062,12927813,10150,22966956,577727,737261782
2024-05-30,970,3604555,26172,27868038,137925,114878716,91568,102423050,13026,13858366,9934,23857117,531855,745259713
2024-05-31,912,3209023,25231,24652002,138154,106139079,87067,92573890,13486,12304554,9432,22943723,528156,738449964
2024-06-01,870,3431336,24603,27989896,143837,107034615,90383,95840694,12541,11901116,9113,19119631,538054,688802328
2024-06-02,919,3640291,26132,29396067,127538,107166507,90067,98848141,12523,13165843,9361,21230264,539222,757871273
2024-06-03,976,3274599,28179,26899762,142626,108708504,94163,103935003,13675,12617593,10228,25049346,519347,787977794
2024-06-04,1077,3442547,28040,30079561,144352,117238240,98388,108998975,13981,13604928,10113,24546957,612917,754103983
2024-06-05,1042,3984567,26657,28667901,152458,122483154,97877,116344116,14206,12520921,10471,22677650,601906,877251226
2024-06-06,1044,3565518,26739,28201177,146736,112904212,96377,100103078,14402,14097472,10314,27659513,571723,805199824
2024-06-07,959,3752343,26362,29426013,143810,108065159,88660,103826787,13048,14489478,10302,23212134,579173,688211178
2024-06-08,913,3277020,25860,27288800,141583,101445021,83555,107675115,12793,13170307,9487,23139611,535922,744620310
2024-06-09,928,3692658,26207,30474045,138766,114049093,90617,90330228,13328,13852629,9936,23364957,540478,766237614
2024-06-10,970,3551872,27564,27804602,148027,119417009,94518,105748517,14166,12544375,10392,23155125,578818,827540806
2024-06-11,1091,3702292,28216,31398316,137694,121290761,100355,104433335,14770,13865627,10348,23425926,624098,792533640
2024-06-12,1004,4002351,29485,29901891,155733,127008399,101770,106205996,14007,12944230,10339,27712295,623522,852134338
2024-06-13,1021,3463724,27100,30140722,145454,116787651,98476,99404561,14219,13095717,9969,25220119,581552,794386161
2024-06-14,921,3174941,25609,26606699,141121,113009411,86705,98880711,12835,13203216,9496,23723215,554389,687689328
2024-06-15,938,3158768,25725,26296412,127048,108455541,85314,107016064,13375,12247370,9468,22564093,540022,659080719
2024-06-16,925,3341318,24243,26247706,128861,106153793,87654,89247641,12275,11164906,9315,20540568,508683,770379602
2024-06-17,940,3043871,26553,25926519,137076,106722067,96014,92735506,13646,11604039,9621,24301647,556465,798872510
2024-06-18,974,3598991,27165,29283390,140751,128851935,96165,94870111,13274,11921799,9525,22111732,550886,784010174
2024-06-19,959,3365233,27049,29358331,142479,111016136,95477,113943424,14405,13425745,9603,23762626,570518,840849789
2024-06-20,961,3604276,27599,28373611,141446,106224719,88528,97330622,13406,14211075,10206,20427426,544218,795604547
2024-06-21,893,2756294,24677,28563388,123834,108362973,83231,95407402,12190,13056724,9104,18977397,530899,743435927
2024-06-22,847,2977694,25925,27600236,130670,104094687,84977,90536715,12016,10386247,8681,21398326,509642,655485990
2024-06-23,854,2838524,24506,25082183,128329,94890381,81117,88442931,12625,12852589,9366,20188313,465877,773492689
2024-06-24,931,3130460,24747,27360674,132990,115356023,86864,96403380,13272,13045496,9446,19488640,538106,754315017
2024-06-25,1012,3486943,26899,26872046,133423,112102839,90951,117047739,13393,11689941,9940,23833653,569087,744688849
2024-06-26,985,3449275,26361,28369706,143788,106783569,97043,112159373,13638,12837519,9874,26406731,574180,742607600
2024-06-27,958,3367871,26115,26786490,128870,120218146,89873,96331385,13663,13667455,9632,24892893,554017,770472554
2024-06-28,936,3268628,26090,29420111,136676,112351238,81245,101779848,12942,12784272,9337,21830543,562694,658805410
2024-06-29,946,3275533,25703,26866603,125579,98126292,87258,91276940,12150,11181994,8821,21753698,530769,748138663
2024-06-30,934,3097990,25281,26441941,134177,119737704,85754,87461532,12567,12818875,9353,23335324,542884,689779314
2024-07-01,962,3608316,27844,30138984,140121,118070404,92064,109049697,13617,11315892,9931,24822862,580121,785100677
2024-07-02,1054,3770739,29316,25628175,152498,118923284,96080,115157075,14683,13417735,10886,23863632,595724,779457175
2024-07-03,1051,3772895,30052,26341706,149010,132547919,97150,116349832,15103,14773077,10514,24827547,583107,805227586
2024-07-04,1064,3736473,28697,30780661,143830,119775312,98320,104315996,14454,13573976,9562,24731404,544577,765808064
2024-07-05,984,3541901,28300,28377654,139227,113995374,88187,102278948,13711,12659363,9868,24158328,557407,764657508
2024-07-06,920,3810853,25035,28008500,143238,107021816,88811,105359344,13564,13415208,10452,22635802,564476,838946086
2024-07-07,927,3419697,26601,25708143,141902,116736158,93187,104452825,13160,13645174,10030,22930371,552703,826116738
2024-07-08,1056,3512902,27232,29037561,143708,120788844,93312,103737524,13916,14475556,9930,26036062,595540,810944262
2024-07-09,1099,3545996,29119,33802914,149807,121969934,93889,99545831,14149,14657780,10749,26763674,606203,822772690
2024-07-10,1046,3506036,28699,31869099,144698,116824548,101269,111715825,14053,14925084,10392,25830790,630817,871266732
2024-07-11,1008,3354478,28180,29754366,148989,119877976,99538,114589539,14302,14192167,9890,26868859,583872,858865392
2024-07-12,1013,3267482,28488,27305045,132816,112779549,91558,95104915,13558,13149506,9713,22652371,568744,727682654
2024-07-13,906,3319457,25911,26444223,138482,100631955,83340,102759014,13290,12568116,9506,24578629,549930,736204631
2024-07-14,915,3409356,26436,23687052,136306,99984968,90661,101198861,13270,12355263,8971,23187160,567593,660509234
2024-07-15,989,3461469,26772,28471830,150231,117071607,87099,107059071,13578,11999459,9475,27736042,532057,817259131
2024-07-16,989,3393885,27854,30369100,139745,98501151,95366,111131886,14128,12575174,10119,22190411,570108,887062959
2024-07-17,1002,3755292,27840,26211541,144295,118347114,92119,101365042,13900,13134644,10008,22947863,593702,794307544
2024-07-18,965,3599591,27289,26892924,147575,109850079,88367,92396151,13630,13112296,9918,23739276,586061,667228292
2024-07-19,932,3249097,26525,24803155,138035,116091448,85984,94272891,12535,13365443,8989,22566328,536924,754457081
2024-07-20,931,3050451,26029,24301348,126283,101089535,83868,99280754,12539,11875734,9222,23826739,511379,666202975
2024-07-21,902,3302129,25208,26058418,130748,109050076,83277,91822440,12738,12710303,8768,20618006,531301,681087554
2024-07-22,952,3359674,26414,23617067,134973,106413786,89805,94520823,12717,13265051,9913,23532986,553928,764825630
2024-07-23,912,3153298,26048,29092614,141479,114086458,90502,91317742,13511,12770234,9315,24820510,555115,777914998
2024-07-24,981,3478794,27217,29664668,138930,119682585,95512,114604599,13389,13566292,9608,24461108,573244,752320925
2024-07-25,937,3469944,27442,27338706,138413,108984141,91509,106444032,13134,12623687,9837,21629363,574799,728433614
2024-07-26,891,3111479,26363,22745770,127211,114374138,85537,102153464,12414,13312270,9820,23964677,564778,735262462
2024-07-27,882,3256425,25314,24596460,131333,99349105,83303,101136399,13055,12534694,9243,23228310,534865,696831087
2024-07-28,913,2991646,26288,28601862,134957,109452528,82762,100675612,13213,11413622,9479,22814708,533341,678851202
2024-07-29,994,3715737,27270,23290977,138795,119121910,92171,100626466,13654,13024838,9788,23395552,558085,748009796
2024-07-30,974,3875717,29184,28685689,139386,122998508,94758,105993327,14918,14858587,9938,24554666,595729,816322426
2024-07-31,1033,3615236,28927,27714021,153551,134299996,90568,106182731,14258,13616013,10285,24547030,594444,805766913
2024-08-01,992,3655498,27651,30470236,146925,112009120,93500,122996117,15246,13775941,9804,24960335,584648,726435296
2024-08-02,962,2954438,27255,26925798,137257,103951524,89263,105956201,13400,13376144,9445,23248897,543438,811799268
2024-08-03,980,3148769,24110,28157412,136298,104398195,94123,97652987,13318,11899029,9738,21575656,571217,627354001
2024-08-04,983,3379246,27183,28897271,133454,117343763,86704,104973678,13277,13294825,9453,21657612,539860,742782857
2024-08-05,1053,3366766,25034,32456639,141681,121594322,91445,100343531,14213,12364922,10331,23084772,577133,768649555
2024-08-06,1051,3913415,27801,30118338,149988,123886513,102997,121460798,15026,13543889,10255,25548581,611577,840002896
2024-08-07,1045,4249977,30052,31531511,159861,116138638,104912,108200248,14774,15150470,10888,25457573,653552,870430796
2024-08-08,1033,3437524,29310,27373738,147374,126945592,96049,113104513,15218,14166776,10364,25171293,593407,876114670
2024-08-09,1002,3359220,26669,30790252,146448,107527916,92169,111718877,13915,13021233,10483,24477917,563270,751215457
2024-08-10,970,3477574,26218,26590347,137059,120342553,92770,104152551,13504,13203711,9846,22172286,548026,787616141
2024-08-11,938,3782126,28051,27078285,141147,132563179,85212,102964982,13104,12886168,10171,25208934,588312,774180811
2024-08-12,1006,3306961,27476,28956963,144363,119672533,89501,106014379,14115,13392716,9918,23592051,530986,710492497
2024-08-13,1043,3738354,30712,27120614,153554,125087288,97014,108978188,14330,14356777,10492,24103722,580534,910427516
2024-08-14,1116,4093017,28825,30391155,147493,117491375,102568,105750694,14150,13232896,10184,25508389,648723,748001654
2024-08-15,1059,3212846,28203,30658066,138045,104308991,93491,103018763,13606,13405935,10016,21320702,589794,811185576
2024-08-16,928,3127287,27750,28008659,131919,107138340,90258,109499972,14294,12465772,9558,21681359,532232,769227557
2024-08-17,911,3185701,25638,24026897,130675,100223679,89780,96410012,12668,11091760,9093,23254917,530509,737255548
2024-08-18,882,3176436,24846,26442769,128212,98246564,92599,92751506,12248,11616636,8984,19733284,533892,705907109
2024-08-19,937,3557137,26411,28785051,139486,122793526,88535,97573860,12972,13915904,9236,24316509,565153,789901423
2024-08-20,996,3558649,27375,25289329,140513,116983669,93129,111012843,13681,13457849,9275,25704814,601472,705425303
2024-08-21,1028,3153347,26443,26825619,153587,118439934,98869,109020201,14012,12183473,9718,23186175,580180,779948101
2024-08-22,944,3539376,26616,29361852,132203,110563323,87030,105349913,13634,11684640,9947,23470719,548861,735970755
2024-08-23,907,3174651,25120,27152967,134416,106788249,90047,96122073,13107,12249291,8904,23578941,547018,700008356
2024-08-24,843,3449682,25730,26681254,125783,111237506,82523,98410456,12276,13143058,8739,20928102,509844,729319165
2024-08-25,910,3127421,25415,29350512,130069,106426917,86588,92752833,12824,12050163,9738,22971391,511720,767662480
2024-08-26,926,3270575,26341,28405484,138730,115130468,89667,99378709,12934,13751722,9485,21926834,523401,738938737
2024-08-27,985,3672819,27703,30044135,134435,115351869,91776,111753097,13637,13621636,10214,23215844,550922,826251073
2024-08-28,991,3783952,28457,34180433,148039,116288827,93277,113053761,13745,13952362,10488,23144657,572165,805211060
2024-08-29,997,3650356,28286,28512094,152657,106795042,95207,99315194,13391,12262090,10310,24374716,557242,746470556
2024-08-30,915,3086357,26021,26562584,137593,99296152,93929,96703039,13841,13600366,9318,24672460,563206,750043127
2024-08-31,905,3476381,25488,28064612,137878,108767346,89105,100629637,13427,12374959,9510,22376553,527555,733774226
2024-09-01,1018,3191896,27468,28378363,142501,112042281,90585,111492497,13683,13422438,9208,21120497,500848,723498540
2024-09-02,965,3621171,27552,28095582,144349,108124287,96474,93823261,13965,12736244,10900,22432555,562077,812631629
2024-09-03,1017,3418824,27963,28491101,149216,122404411,96400,112829706,14942,14166985,10122,25710351,598851,841079554
2024-09-04,1127,3898862,30060,35127860,143729,124996668,103101,103421485,14049,14540148,10459,28335131,605833,762091188
2024-09-05,1137,3538291,29453,30803143,153958,106222131,101193,106183977,14900,13814532,10244,25572079,631757,743235316
2024-09-06,970,3298343,26635,27757746,144674,110812314,102331,103763949,14033,13725281,9705,23451055,569980,813037160
2024-09-07,968,3630730,27387,29842723,137144,117032070,91437,100752623,13856,12847372,10303,24467463,580714,734695718
2024-09-08,1000,3569241,28093,28398430,143471,118122933,92169,101102273,13900,12679570,10732,23298439,571387,794754105
2024-09-09,1082,3521863,28888,29258820,145947,111675927,99368,108601249,13861,15032998,10250,24009941,593438,849314830
2024-09-10,1034,4118295,30158,31819464,151465,125489763,103103,108857143,14134,15100751,10347,23989769,600192,776460105
2024-09-11,1063,3706202,28488,28533144,157466,132575003,99496,103099057,14553,13623982,10099,27738744,617523,773110364
2024-09-12,1061,3694716,29096,30595767,143794,126641297,96767,114598591,14649,14300189,10410,21001435,585483,900388925
2024-09-13,999,3563888,27152,31767583,146961,114425275,94675,108826390,13984,12566289,9879,24692737,572843,794596950
2024-09-14,941,3259005,26061,28271184,131744,107946952,87678,105571572,12679,11790955,9438,22109197,546140,732123083
2024-09-15,950,3488130,27194,26939781,135070,107104732,88997,91397277,12861,13509949,9711,22230456,535617,710476698
2024-09-16,944,3390056,28575,27589191,150482,118139855,93276,105834798,13383,11790260,10077,25919290,586034,753241617
2024-09-17,1008,3521989,29731,28618447,151666,119878907,98788,111555054,13955,14295006,10369,23223008,594331,743994998
2024-09-18,1010,3915114,29390,28958015,147461,123240103,94392,100797486,13560,13366248,10195,23324364,580216,845576146
2024-09-19,993,3285870,27290,27830074,138361,115907403,87948,104102617,13106,12975755,9637,23362881,571997,741361898
2024-09-20,924,2856531,26370,28630003,133535,114979717,83619,98466319,12725,12833160,9688,22998261,541395,789699449
2024-09-21,923,3550347,25874,23568683,131810,106831058,82745,106734265,12679,12563718,9210,21174818,512390,701038248
2024-09-22,946,3765057,25605,27904932,132813,112195953,83324,108140628,12304,11638688,9534,19868598,531776,679188477
2024-09-23,961,3316971,26664,26992784,137734,117379023,89884,90848031,13234,13297639,9897,21654888,542149,735000958
2024-09-24,1006,3128801,28341,29414757,143688,110555740,90683,120826664,14268,13366090,9638,25614433,558976,661809497
2024-09-25,1010,3520210,27974,27173904,144786,104930461,93272,100642298,13465,12437634,9762,24208507,554516,790105973
2024-09-26,988,3453228,26849,30823503,136564,125965802,91162,110446629,13640,13041584,9765,24245707,564812,771615630
2024-09-27,932,3348530,26133,29577234,135470,112851626,88782,106410674,13638,13754406,9327,22400309,559770,788707502
2024-09-28,942,3097363,26424,28520273,138538,97704389,91661,92648821,12803,13698658,9653,21417719,528112,653075883
2024-09-29,948,3498676,26417,24974704,131719,106190844,91594,103347220,12980,13224855,9716,25003319,590978,802478729
2024-09-30,1061,3661142,28013,30273871,143376,121859827,94328,104694124,14349,12359763,10427,23578522,592109,826306892
2024-10-01,1096,3386637,29648,30960928,147417,120020896,97451,114116980,14399,14361437,10705,24330215,628189,887428714
2024-10-02,1077,3944573,29244,27796630,154310,120403535,99252,113945062,15278,14921334,10833,27108388,629862,837306981
2024-10-03,1021,4173353,29688,30146217,149191,132169986,99669,118228578,14701,14540671,10947,23882974,637368,874578437
2024-10-04,973,3617762,28293,29730484,151918,110112449,96782,106786415,13844,14060487,10326,23200113,568144,724360032
2024-10-05,1019,3428847,26328,29383609,144335,109333948,90429,102850228,13867,13409840,9973,23527925,525009,809711802
2024-10-06,1006,3517867,28919,29134901,138469,117898553,94349,112261326,13993,13247557,10538,23839167,568849,750809007
2024-10-07,1056,3836542,28472,30587447,153338,124249002,92290,113667579,14896,13368376,10558,25246303,611312,739586897
2024-10-08,1025,3446609,28555,34011452,152612,129954292,102808,119190816,14776,12780043,10837,29083096,627812,795770499
2024-10-09,1121,3914851,29337,33814512,154761,134156058,105327,110497875,15162,14833553,10747,26571479,635156,860409281
2024-10-10,1074,3677377,28518,25332338,154418,125030804,99183,104780081,14682,14278622,10934,21690201,636158,794170028
2024-10-11,976,3987847,28090,28611940,143686,121250438,100552,102943210,14319,13912272,10587,24591461,590036,814468834
2024-10-12,962,3434486,26893,27921310,144776,112113014,89755,99199995,13141,11970823,9855,23372146,577516,686525527
2024-10-13,987,3830924,26932,25320208,138186,114696981,93105,108261388,14018,13564500,10292,23458551,549944,674051559
2024-10-14,1013,3358817,28624,29391006,143416,118788995,95443,113040095,14247,15151662,9625,24524167,565309,863807917
2024-10-15,1034,3838802,29265,32386073,147677,123243771,98201,109060862,13913,13970993,10527,24871221,631752,867360185
2024-10-16,1041,3783957,29281,28199856,148273,127473338,98283,119687167,15029,13871502,10546,24866659,605157,771915181
2024-10-17,1002,3402155,28386,29751793,150624,121697224,95647,115306967,14960,13709470,9984,25002731,572358,796235335
2024-10-18,964,3449131,27155,26205355,141261,112279792,92959,102797318,13732,14358617,10399,22184003,544243,803535596
2024-10-19,969,3538467,24140,25719847,140876,102977559,91238,93095167,13436,11609654,9361,20901636,525568,750261800
2024-10-20,861,3251857,25625,29333295,143889,109257398,88083,107758146,12987,12587692,9315,26323709,527435,742344328
2024-10-21,961,3091020,25119,27042243,135439,112694052,93617,101759064,12769,12282024,9791,22121512,537524,813466117
2024-10-22,1009,3565809,27917,29807086,145320,118484131,92821,106773818,13172,12946560,9541,24127155,553945,757275053
2024-10-23,1023,3408885,28153,25995054,141247,133913357,97932,104814382,14186,13474886,10015,22041548,582228,801139266
2024-10-24,979,3446401,28352,31783783,139612,111828195,91328,98883823,13501,14261716,10301,23806315,561614,779870295
2024-10-25,901,3365813,27366,28475476,134811,113796067,92784,91565791,12850,14054503,9437,21452831,567891,738181541
2024-10-26,939,2968356,25991,26573288,130077,115459211,93661,101897370,12893,12733806,9170,21627510,542074,716529293
2024-10-27,995,3036925,25878,28267331,132308,110994822,89001,95144098,13379,12326015,9939,24011424,550825,749411207
2024-10-28,946,3628963,27955,26232438,142662,131961280,87522,123927444,13177,15204207,10433,24367795,560352,784157419
2024-10-29,1066,3579860,28416,32158689,144660,118516846,96555,102568473,14242,13503608,10673,25677809,598382,768416552
2024-10-30,1048,3183707,29395,29977920,156723,125865533,103641,103278730,15364,13626721,10554,22594215,618066,875019745
2024-10-31,1038,3871596,29741,29674180,146074,115508706,99844,113128762,13977,12388914,10439,27580417,613750,772317928
2024-11-01,965,3599600,27207,27927595,156010,113761617,94779,114792803,14196,14393981,9829,22094221,573909,775529792
2024-11-02,967,3323462,27782,27228638,139147,115632741,95021,103479962,13366,13777127,9579,25468305,582496,756742113
2024-11-03,1033,3254484,28168,29907827,143866,121836514,95228,108507993,14029,15173639,9734,25197108,574360,800880932
2024-11-04,1059,3886685,28086,30533015,144514,123766827,101901,97722179,14933,12721940,10330,25728022,615731,716767861
2024-11-05,1144,3946521,31082,32635328,165073,136418696,105509,110091963,15435,15763834,10651,24638997,618912,903502613
2024-11-06,1140,4475395,31232,31797717,164415,127749578,108757,108757141,15713,14745408,10613,26547432,601690,833491353
2024-11-07,1089,3918745,29954,32013117,156667,122922088,102625,100574201,14415,15027190,10941,24955957,626137,910168302
2024-11-08,1084,3746525,27950,29000896,142733,139629297,99896,109459373,14780,12372632,10485,24642586,607916,789056356
2024-11-09,1013,3519811,27061,32752519,145352,119421816,93571,91347528,13533,14507250,10627,23529849,587728,786547226
2024-11-10,1032,3756505,27525,26358517,140584,112429521,93404,97877427,14097,14062513,9979,21116994,589285,885771428
2024-11-11,1034,3849463,29459,32427004,157344,116673114,103601,106599462,14606,13881172,10645,26606504,596620,809525885
2024-11-12,1080,4121349,29090,33703084,159514,118670391,102486,108129083,15192,14931841,11004,25630613,607858,913767289
2024-11-13,1058,3722843,30418,29628282,156571,133186209,104546,116804172,15164,13749529,10845,25069433,634832,854674565
2024-11-14,1076,3618864,27949,34230392,139926,119263599,99071,112339622,14148,13450314,10803,24127111,611566,845024407
2024-11-15,958,3428565,27410,30394712,139177,116714591,92117,110418179,13231,12869557,10272,24227564,563979,786515331
2024-11-16,980,3566654,26690,29278422,141186,111303742,90477,105652030,13649,11349626,9778,21651105,571743,793937495
2024-11-17,954,3720136,28622,27779483,143710,116913612,94571,108267607,13407,13461598,9632,19829870,539966,726170248
2024-11-18,1027,3430127,26418,28285242,148062,109857339,95253,104702677,14253,14172805,9923,24277501,563142,736397560
2024-11-19,1048,3550235,29718,29228145,140932,111824336,91801,110123320,14212,13086677,9935,25239333,621064,777339190
2024-11-20,1085,3728567,28719,30431004,150016,121696753,96581,111978855,13693,14010226,10155,24293446,610181,816832173
2024-11-21,1021,3501496,28107,31303039,148776,120817137,99448,106403180,14285,13114796,9918,22233211,571306,778074580
2024-11-22,911,3592136,26641,27909342,131177,113722433,89681,98474880,13126,12993594,9337,22952336,556940,786067921
2024-11-23,928,2858676,26167,25386429,134243,103185785,83053,96166948,13044,11927919,9523,20255676,539595,790758624
2024-11-24,908,3180041,26020,28531129,137048,114253891,93926,94461987,12816,11882453,9857,21095421,498941,698928679
2024-11-25,968,3331576,28501,29972180,140731,109582683,94755,106403295,14329,13936289,9670,22428724,552600,741448936
2024-11-26,1074,3143665,28141,30839013,140123,116085180,96806,107810632,13891,13642956,10474,25780160,592564,740485267
2024-11-27,1064,3496408,29977,31500315,149285,114869718,97474,105785746,14349,15604536,10226,24390622,596581,923676646
2024-11-28,1003,3443291,27913,29120974,146558,128880251,99919,103864028,14278,13700506,10266,23820932,596432,823144252
2024-11-29,959,3475618,27435,26991035,142287,119823822,91929,96857620,13292,12459705,9797,26409209,591057,803042627
2024-11-30,971,3681122,26092,26576383,137815,117335866,94816,108458895,13613,13892697,9990,23674630,555328,704056576
2024-12-01,953,3464246,27843,25763821,140937,124000113,94911,104871939,14398,13683806,9795,24103225,553212,780045214
2024-12-02,1017,3460971,30071,30400400,149693,141478141,98712,103851628,14199,14437618,10809,24236593,605327,843537837
2024-12-03,1096,3848834,30102,31221894,158978,113727024,103033,120216259,15265,15517199,10902,25019544,621431,843893144
2024-12-04,1142,4169917,30467,31032638,157915,123019558,103657,112546730,14060,14134917,10939,22899739,634497,926586017
2024-12-05,1100,3616427,29007,25676229,154138,121384962,105237,104416736,14988,14295146,10513,27309340,618758,970526571
2024-12-06,967,3489938,28642,27749722,150388,114947891,95513,116310483,14285,13701197,10578,25470297,640235,772536835
2024-12-07,1021,3717365,26757,31189546,137700,110390194,90892,103339654,13705,12443512,10503,23906385,545194,749105278
2024-12-08,1024,3586299,27618,28353577,149769,117116446,98324,105255224,14658,13414228,10421,24218974,583743,763958305
2024-12-09,1076,3924229,29712,31356040,153457,114900704,102239,112420943,14611,15301372,11464,26500923,613772,918899786
2024-12-10,1154,3910455,31785,29145185,159182,130998471,105454,124152002,15206,14885218,11607,23842045,621066,922650611
2024-12-11,1038,4098205,33313,34710941,164368,129440054,105739,116890644,15188,13556349,11080,25487266,656305,865459416
2024-12-12,1052,3572834,29237,30684038,145691,128604098,100215,104955420,14025,12951773,10730,23849531,634133,847068366
2024-12-13,1037,3620478,29524,29950018,138473,122504762,98512,111070932,13672,14943768,10448,26930141,587911,764492461
2024-12-14,937,3452376,27517,32374171,143215,118882472,92751,100783987,14052,13041108,9693,24726916,563580,817232230
2024-12-15,1029,3248523,27252,31061836,142326,112404298,91719,115813897,12822,12630173,10314,20432043,567514,759764272
2024-12-16,1029,3278293,28630,28852838,147718,133811877,95195,107392111,13807,13343209,10399,22098539,586022,790143334
2024-12-17,1076,3883724,29197,29229460,149440,124120252,105091,95890914,14397,12748501,10689,24863557,604739,857879546
2024-12-18,1033,3659776,29304,29781984,154903,108961263,94135,113366422,15367,15216421,10850,24406027,604080,820122955
2024-12-19,1043,3398106,27936,30313640,151184,111642219,97602,120012894,14467,13255425,10827,22390145,592730,791898073
2024-12-20,1001,3430157,25823,27854810,142194,101383245,87026,112108545,13252,13999214,9861,25884922,573304,765969123
2024-12-21,947,3570343,24915,26525803,134788,109839659,88537,110181618,13574,12578924,9477,22888931,523347,777360635
2024-12-22,955,2911452,26868,29818453,128365,109868762,88431,94009965,12883,13733790,10026,23308195,530841,822324880
2024-12-23,996,3196158,27206,28335289,145946,111982198,87439,109952507,14132,13370871,10276,22613183,540684,806479775
2024-12-24,1002,3454159,28057,33809460,153996,134460117,98263,103853821,13701,14414386,10298,25632731,609648,850421167
2024-12-25,1037,4029776,28952,30266691,153424,125573336,97291,111471170,14938,14493045,10538,24324496,606577,812180602
2024-12-26,1016,3690568,29028,32644433,143539,124265512,90326,99508392,14003,14117827,10381,23968075,598658,770997797
2024-12-27,995,3659464,27479,29033909,144995,108378547,95267,99842847,13244,13392878,10057,24366576,544111,806665557
2024-12-28,993,3193574,26255,29462515,142861,105740886,94979,97642033,13304,12675731,9352,20781281,586894,768422028
2024-12-29,951,3257526,28286,27139720,148501,114837505,96906,109260942,13755,14600367,9471,25710752,557101,708673291
2024-12-30,1027,3764419,29997,28259816,145014,121536641,98425,114060632,14107,12999129,10147,24899939,598718,797365363
2024-12-31,1129,3855681,30463,32079330,155031,112031802,102201,115961262,15258,14412150,10610,27799159,640369,848258376
